"country","continent","year","lifeExp","pop","gdpPercap","meanSchool"
"Afghanistan","Asia",1972,36.088,13079460,739.9811058,1.1
"Afghanistan","Asia",1977,38.438,14880372,786.11336,1.4
"Afghanistan","Asia",1982,39.854,12881816,978.0114388,1.8
"Afghanistan","Asia",1987,40.822,13867957,852.3959448,2.1
"Afghanistan","Asia",1992,41.674,16317921,649.3413952,2.3
"Afghanistan","Asia",1997,41.763,22227415,635.341351,2.6
"Afghanistan","Asia",2002,42.129,25268405,726.7340548,2.9
"Afghanistan","Asia",2007,43.828,31889923,974.5803384,3.2
"Albania","Europe",1972,67.69,2263554,3313.422188,6.9
"Albania","Europe",1977,68.93,2509048,3533.00391,7.7
"Albania","Europe",1982,70.42,2780097,3630.880722,8.4
"Albania","Europe",1987,72,3075321,3738.932735,9.1
"Albania","Europe",1992,71.581,3326498,2497.437901,9.6
"Albania","Europe",1997,72.95,3428038,3193.054604,10.1
"Albania","Europe",2002,75.651,3508512,4604.211737,10.5
"Albania","Europe",2007,76.423,3600523,5937.029526,10.9
"Algeria","Africa",1972,54.518,14760787,4182.663766,2.1
"Algeria","Africa",1977,58.014,17152804,4910.416756,2.7
"Algeria","Africa",1982,61.368,20033753,5745.160213,3.4
"Algeria","Africa",1987,65.799,23254956,5681.358539,4.3
"Algeria","Africa",1992,67.744,26298373,5023.216647,5.2
"Algeria","Africa",1997,69.152,29072015,4797.295051,5.9
"Algeria","Africa",2002,70.994,31287142,5288.040382,6.6
"Algeria","Africa",2007,72.301,33333216,6223.367465,7.2
"Angola","Africa",1972,37.928,5894858,5473.288005,2.5
"Angola","Africa",1977,39.483,6162675,3008.647355,3.1
"Angola","Africa",1982,39.942,7016384,2756.953672,3.8
"Angola","Africa",1987,39.906,7874230,2430.208311,4.4
"Angola","Africa",1992,40.647,8735988,2627.845685,4.8
"Angola","Africa",1997,40.963,9875024,2277.140884,5.3
"Angola","Africa",2002,41.003,10866106,2773.287312,5.7
"Angola","Africa",2007,42.731,12420476,4797.231267,6
"Argentina","Americas",1972,67.065,24779799,9443.038526,7.3
"Argentina","Americas",1977,68.481,26983828,10079.02674,8
"Argentina","Americas",1982,69.942,29341374,8997.897412,8.6
"Argentina","Americas",1987,70.774,31620918,9139.671389,9.1
"Argentina","Americas",1992,71.868,33958947,9308.41871,9.6
"Argentina","Americas",1997,73.275,36203463,10967.28195,10.1
"Argentina","Americas",2002,74.34,38331121,8797.640716,10.6
"Argentina","Americas",2007,75.32,40301927,12779.37964,11
"Australia","Oceania",1972,71.93,13177000,16788.62948,10.2
"Australia","Oceania",1977,73.49,14074100,18334.19751,10.7
"Australia","Oceania",1982,74.74,15184200,19477.00928,11.1
"Australia","Oceania",1987,76.32,16257249,21888.88903,11.4
"Australia","Oceania",1992,77.56,17481977,23424.76683,11.7
"Australia","Oceania",1997,78.83,18565243,26997.93657,11.9
"Australia","Oceania",2002,80.37,19546792,30687.75473,12.1
"Australia","Oceania",2007,81.235,20434176,34435.36744,12.3
"Austria","Europe",1972,70.63,7544201,16661.6256,9.5
"Austria","Europe",1977,72.17,7568430,19749.4223,10.1
"Austria","Europe",1982,73.18,7574613,21597.08362,10.5
"Austria","Europe",1987,74.94,7578903,23687.82607,10.9
"Austria","Europe",1992,76.04,7914969,27042.01868,11.2
"Austria","Europe",1997,77.51,8069876,29095.92066,11.5
"Austria","Europe",2002,78.98,8148312,32417.60769,11.8
"Austria","Europe",2007,79.829,8199783,36126.4927,12.1
"Bahrain","Asia",1972,63.3,230800,18268.65839,4.5
"Bahrain","Asia",1977,65.593,297410,19340.10196,5.6
"Bahrain","Asia",1982,69.052,377967,19211.14731,6.7
"Bahrain","Asia",1987,70.75,454612,18524.02406,7.7
"Bahrain","Asia",1992,72.601,529491,19035.57917,8.5
"Bahrain","Asia",1997,73.925,598561,20292.01679,9.3
"Bahrain","Asia",2002,74.795,656397,23403.55927,9.9
"Bahrain","Asia",2007,75.635,708573,29796.04834,10.6
"Bangladesh","Asia",1972,45.252,70759295,630.2336265,2.6
"Bangladesh","Asia",1977,46.923,80428306,659.8772322,3.2
"Bangladesh","Asia",1982,50.009,93074406,676.9818656,3.7
"Bangladesh","Asia",1987,52.819,103764241,751.9794035,4.1
"Bangladesh","Asia",1992,56.018,113704579,837.8101643,4.5
"Bangladesh","Asia",1997,59.412,123315288,972.7700352,4.9
"Bangladesh","Asia",2002,62.013,135656790,1136.39043,5.3
"Bangladesh","Asia",2007,64.062,150448339,1391.253792,5.6
"Belgium","Europe",1972,71.44,9709100,16672.14356,8.9
"Belgium","Europe",1977,72.8,9821800,19117.97448,9.8
"Belgium","Europe",1982,73.93,9856303,20979.84589,10.6
"Belgium","Europe",1987,75.35,9870200,22525.56308,11.3
"Belgium","Europe",1992,76.46,10045622,25575.57069,11.8
"Belgium","Europe",1997,77.53,10199787,27561.19663,12.2
"Belgium","Europe",2002,78.32,10311970,30485.88375,12.6
"Belgium","Europe",2007,79.441,10392226,33692.60508,12.9
"Benin","Africa",1972,47.014,2761407,1085.796879,1.8
"Benin","Africa",1977,49.19,3168267,1029.161251,2.2
"Benin","Africa",1982,50.904,3641603,1277.897616,2.6
"Benin","Africa",1987,52.337,4243788,1225.85601,3.1
"Benin","Africa",1992,53.919,4981671,1191.207681,3.5
"Benin","Africa",1997,54.777,6066080,1232.975292,4
"Benin","Africa",2002,54.406,7026113,1372.877931,4.4
"Benin","Africa",2007,56.728,8078314,1441.284873,4.7
"Bolivia","Americas",1972,46.714,4565872,2980.331339,5.1
"Bolivia","Americas",1977,50.023,5079716,3548.097832,5.9
"Bolivia","Americas",1982,53.859,5642224,3156.510452,6.8
"Bolivia","Americas",1987,57.251,6156369,2753.69149,7.6
"Bolivia","Americas",1992,59.957,6893451,2961.699694,8.3
"Bolivia","Americas",1997,62.05,7693188,3326.143191,8.9
"Bolivia","Americas",2002,63.883,8445134,3413.26269,9.5
"Bolivia","Americas",2007,65.554,9119152,3822.137084,10
"Bosnia and Herzegovina","Europe",1972,67.45,3819000,2860.16975,5.6
"Bosnia and Herzegovina","Europe",1977,69.86,4086000,3528.481305,6.4
"Bosnia and Herzegovina","Europe",1982,70.69,4172693,4126.613157,7.2
"Bosnia and Herzegovina","Europe",1987,71.14,4338977,4314.114757,8.1
"Bosnia and Herzegovina","Europe",1992,72.178,4256013,2546.781445,9
"Bosnia and Herzegovina","Europe",1997,73.244,3607000,4766.355904,9.7
"Bosnia and Herzegovina","Europe",2002,74.09,4165416,6018.975239,10.3
"Bosnia and Herzegovina","Europe",2007,74.852,4552198,7446.298803,10.9
"Botswana","Africa",1972,56.024,619351,2263.611114,2.2
"Botswana","Africa",1977,59.319,781472,3214.857818,2.8
"Botswana","Africa",1982,61.484,970347,4551.14215,3.4
"Botswana","Africa",1987,63.622,1151184,6205.88385,4.1
"Botswana","Africa",1992,62.745,1342614,7954.111645,4.9
"Botswana","Africa",1997,52.556,1536536,8647.142313,5.6
"Botswana","Africa",2002,46.634,1630347,11003.60508,6.3
"Botswana","Africa",2007,50.728,1639131,12569.85177,7
"Brazil","Americas",1972,59.504,100840058,4985.711467,3.5
"Brazil","Americas",1977,61.489,114313951,6660.118654,4.1
"Brazil","Americas",1982,63.336,128962939,7030.835878,4.8
"Brazil","Americas",1987,65.205,142938076,7807.095818,5.5
"Brazil","Americas",1992,67.057,155975974,6950.283021,6.2
"Brazil","Americas",1997,69.388,168546719,7957.980824,6.8
"Brazil","Americas",2002,71.006,179914212,8131.212843,7.5
"Brazil","Americas",2007,72.39,190010647,9065.800825,8.1
"Bulgaria","Europe",1972,70.9,8576200,6597.494398,9
"Bulgaria","Europe",1977,70.81,8797022,7612.240438,9.6
"Bulgaria","Europe",1982,71.08,8892098,8224.191647,10.2
"Bulgaria","Europe",1987,71.34,8971958,8239.854824,10.7
"Bulgaria","Europe",1992,71.19,8658506,6302.623438,11.2
"Bulgaria","Europe",1997,70.32,8066057,5970.38876,11.6
"Bulgaria","Europe",2002,72.14,7661799,7696.777725,11.9
"Bulgaria","Europe",2007,73.005,7322858,10680.79282,12.3
"Burkina Faso","Africa",1972,43.591,5433886,854.7359763,0.7
"Burkina Faso","Africa",1977,46.137,5889574,743.3870368,0.9
"Burkina Faso","Africa",1982,48.122,6634596,807.1985855,1.2
"Burkina Faso","Africa",1987,49.557,7586551,912.0631417,1.5
"Burkina Faso","Africa",1992,50.26,8878303,931.7527731,1.8
"Burkina Faso","Africa",1997,50.324,10352843,946.2949618,2.1
"Burkina Faso","Africa",2002,50.65,12251209,1037.645221,2.5
"Burkina Faso","Africa",2007,52.295,14326203,1217.032994,2.8
"Burundi","Africa",1972,44.057,3529983,464.0995039,1.6
"Burundi","Africa",1977,45.91,3834415,556.1032651,2
"Burundi","Africa",1982,47.471,4580410,559.603231,2.4
"Burundi","Africa",1987,48.211,5126023,621.8188189,2.8
"Burundi","Africa",1992,44.736,5809236,631.6998778,3.1
"Burundi","Africa",1997,45.326,6121610,463.1151478,3.5
"Burundi","Africa",2002,47.36,7021078,446.4035126,3.9
"Burundi","Africa",2007,49.58,8390505,430.0706916,4.3
"Cambodia","Asia",1972,40.317,7450606,421.6240257,3.1
"Cambodia","Asia",1977,31.22,6978607,524.9721832,3.7
"Cambodia","Asia",1982,50.957,7272485,624.4754784,4.2
"Cambodia","Asia",1987,53.914,8371791,683.8955732,4.6
"Cambodia","Asia",1992,55.803,10150094,682.3031755,5
"Cambodia","Asia",1997,56.534,11782962,734.28517,5.3
"Cambodia","Asia",2002,56.752,12926707,896.2260153,5.7
"Cambodia","Asia",2007,59.723,14131858,1713.778686,6.1
"Cameroon","Africa",1972,47.049,7021028,1684.146528,3.7
"Cameroon","Africa",1977,49.355,7959865,1783.432873,4.5
"Cameroon","Africa",1982,52.961,9250831,2367.983282,5.2
"Cameroon","Africa",1987,54.985,10780667,2602.664206,6
"Cameroon","Africa",1992,54.314,12467171,1793.163278,6.6
"Cameroon","Africa",1997,52.199,14195809,1694.337469,7.2
"Cameroon","Africa",2002,49.856,15929988,1934.011449,7.7
"Cameroon","Africa",2007,50.43,17696293,2042.09524,8.1
"Canada","Americas",1972,72.88,22284500,18970.57086,10.6
"Canada","Americas",1977,74.21,23796400,22090.88306,11.7
"Canada","Americas",1982,75.76,25201900,22898.79214,12.5
"Canada","Americas",1987,76.86,26549700,26626.51503,13.2
"Canada","Americas",1992,77.95,28523502,26342.88426,13.6
"Canada","Americas",1997,78.61,30305843,28954.92589,14.1
"Canada","Americas",2002,79.77,31902268,33328.96507,14.4
"Canada","Americas",2007,80.653,33390141,36319.23501,14.7
"Chad","Africa",1972,45.569,3899068,1104.103987,1.2
"Chad","Africa",1977,47.383,4388260,1133.98495,1.5
"Chad","Africa",1982,49.517,4875118,797.9081006,1.9
"Chad","Africa",1987,51.051,5498955,952.386129,2.3
"Chad","Africa",1992,51.724,6429417,1058.0643,2.7
"Chad","Africa",1997,51.573,7562011,1004.961353,3.2
"Chad","Africa",2002,50.525,8835739,1156.18186,3.6
"Chad","Africa",2007,50.651,10238807,1704.063724,4
"Chile","Americas",1972,63.441,9717524,5494.024437,7.1
"Chile","Americas",1977,67.052,10599793,4756.763836,7.9
"Chile","Americas",1982,70.565,11487112,5095.665738,8.8
"Chile","Americas",1987,72.492,12463354,5547.063754,9.5
"Chile","Americas",1992,74.126,13572994,7596.125964,10.2
"Chile","Americas",1997,75.816,14599929,10118.05318,10.8
"Chile","Americas",2002,77.86,15497046,10778.78385,11.4
"Chile","Americas",2007,78.553,16284741,13171.63885,11.9
"China","Asia",1972,63.11888,862030000,676.9000921,4.8
"China","Asia",1977,63.96736,943455000,741.2374699,5.6
"China","Asia",1982,65.525,1000281000,962.4213805,6.3
"China","Asia",1987,67.274,1084035000,1378.904018,7
"China","Asia",1992,68.69,1164970000,1655.784158,7.5
"China","Asia",1997,70.426,1230075000,2289.234136,8.1
"China","Asia",2002,72.028,1280400000,3119.280896,8.7
"China","Asia",2007,72.961,1318683096,4959.114854,9.1
"Colombia","Americas",1972,61.623,22542890,3264.660041,5
"Colombia","Americas",1977,63.837,25094412,3815.80787,5.7
"Colombia","Americas",1982,66.653,27764644,4397.575659,6.3
"Colombia","Americas",1987,67.768,30964245,4903.2191,6.8
"Colombia","Americas",1992,68.421,34202721,5444.648617,7.2
"Colombia","Americas",1997,70.313,37657830,6117.361746,7.6
"Colombia","Americas",2002,71.682,41008227,5755.259962,8
"Colombia","Americas",2007,72.889,44227550,7006.580419,8.4
"Comoros","Africa",1972,48.944,250027,1937.577675,2
"Comoros","Africa",1977,50.939,304739,1172.603047,2.4
"Comoros","Africa",1982,52.933,348643,1267.100083,2.9
"Comoros","Africa",1987,54.926,395114,1315.980812,3.7
"Comoros","Africa",1992,57.939,454429,1246.90737,4.5
"Comoros","Africa",1997,60.66,527982,1173.618235,5.2
"Comoros","Africa",2002,62.974,614382,1075.811558,5.9
"Comoros","Africa",2007,65.152,710960,986.1478792,6.5
"Congo, Dem. Rep.","Africa",1972,45.989,23007669,904.8960685,4.7
"Congo, Dem. Rep.","Africa",1977,47.804,26480870,795.757282,5.5
"Congo, Dem. Rep.","Africa",1982,47.784,30646495,673.7478181,6.3
"Congo, Dem. Rep.","Africa",1987,47.412,35481645,672.774812,6.9
"Congo, Dem. Rep.","Africa",1992,45.548,41672143,457.7191807,7.4
"Congo, Dem. Rep.","Africa",1997,42.587,47798986,312.188423,7.8
"Congo, Dem. Rep.","Africa",2002,44.966,55379852,241.1658765,8.1
"Congo, Dem. Rep.","Africa",2007,46.462,64606759,277.5518587,8.3
"Congo, Rep.","Africa",1972,54.907,1340458,3213.152683,5.2
"Congo, Rep.","Africa",1977,55.625,1536769,3259.178978,6.2
"Congo, Rep.","Africa",1982,56.695,1774735,4879.507522,7.2
"Congo, Rep.","Africa",1987,57.47,2064095,4201.194937,8.1
"Congo, Rep.","Africa",1992,56.433,2409073,4016.239529,8.6
"Congo, Rep.","Africa",1997,52.962,2800947,3484.164376,9
"Congo, Rep.","Africa",2002,52.97,3328795,3484.06197,9.4
"Congo, Rep.","Africa",2007,55.322,3800610,3632.557798,9.6
"Costa Rica","Americas",1972,67.849,1834796,5118.146939,5.4
"Costa Rica","Americas",1977,70.75,2108457,5926.876967,6.2
"Costa Rica","Americas",1982,73.45,2424367,5262.734751,7
"Costa Rica","Americas",1987,74.752,2799811,5629.915318,7.8
"Costa Rica","Americas",1992,75.713,3173216,6160.416317,8.5
"Costa Rica","Americas",1997,77.26,3518107,6677.045314,9.2
"Costa Rica","Americas",2002,78.123,3834934,7723.447195,9.8
"Costa Rica","Americas",2007,78.782,4133884,9645.06142,10.3
"Cote d'Ivoire","Africa",1972,49.801,6071696,2378.201111,2.1
"Cote d'Ivoire","Africa",1977,52.374,7459574,2517.736547,2.7
"Cote d'Ivoire","Africa",1982,53.983,9025951,2602.710169,3.2
"Cote d'Ivoire","Africa",1987,54.655,10761098,2156.956069,3.9
"Cote d'Ivoire","Africa",1992,52.044,12772596,1648.073791,4.4
"Cote d'Ivoire","Africa",1997,47.991,14625967,1786.265407,4.9
"Cote d'Ivoire","Africa",2002,46.832,16252726,1648.800823,5.4
"Cote d'Ivoire","Africa",2007,48.328,18013409,1544.750112,5.8
"Croatia","Europe",1972,69.61,4225310,9164.090127,7.1
"Croatia","Europe",1977,70.64,4318673,11305.38517,8
"Croatia","Europe",1982,70.46,4413368,13221.82184,8.8
"Croatia","Europe",1987,71.52,4484310,13822.58394,9.4
"Croatia","Europe",1992,72.527,4494013,8447.794873,9.9
"Croatia","Europe",1997,73.68,4444595,9875.604515,10.4
"Croatia","Europe",2002,74.876,4481020,11628.38895,10.8
"Croatia","Europe",2007,75.748,4493312,14619.22272,11.2
"Cuba","Americas",1972,70.723,8831348,5305.445256,7.2
"Cuba","Americas",1977,72.649,9537988,6380.494966,8.1
"Cuba","Americas",1982,73.717,9789224,7316.918107,8.9
"Cuba","Americas",1987,74.174,10239839,7532.924763,9.7
"Cuba","Americas",1992,74.414,10723260,5592.843963,10.3
"Cuba","Americas",1997,76.151,10983007,5431.990415,10.9
"Cuba","Americas",2002,77.158,11226999,6340.646683,11.4
"Cuba","Americas",2007,78.273,11416987,8948.102923,11.8
"Denmark","Europe",1972,73.47,4991596,18866.20721,10.1
"Denmark","Europe",1977,74.69,5088419,20422.9015,11
"Denmark","Europe",1982,74.63,5117810,21688.04048,11.6
"Denmark","Europe",1987,74.8,5127024,25116.17581,12.1
"Denmark","Europe",1992,75.33,5171393,26406.73985,12.4
"Denmark","Europe",1997,76.11,5283663,29804.34567,12.6
"Denmark","Europe",2002,77.18,5374693,32166.50006,12.8
"Denmark","Europe",2007,78.332,5468120,35278.41874,13
"Djibouti","Africa",1972,44.366,178848,3694.212352,3
"Djibouti","Africa",1977,46.519,228694,3081.761022,3.6
"Djibouti","Africa",1982,48.812,305991,2879.468067,4.2
"Djibouti","Africa",1987,50.04,311025,2880.102568,4.9
"Djibouti","Africa",1992,51.604,384156,2377.156192,5.6
"Djibouti","Africa",1997,53.157,417908,1895.016984,6.3
"Djibouti","Africa",2002,53.373,447416,1908.260867,7
"Djibouti","Africa",2007,54.791,496374,2082.481567,7.6
"Ecuador","Americas",1972,58.796,6298651,5280.99471,5.2
"Ecuador","Americas",1977,61.31,7278866,6679.62326,6.1
"Ecuador","Americas",1982,64.342,8365850,7213.791267,6.9
"Ecuador","Americas",1987,67.231,9545158,6481.776993,7.6
"Ecuador","Americas",1992,69.613,10748394,7103.702595,8.3
"Ecuador","Americas",1997,72.312,11911819,7429.455877,8.9
"Ecuador","Americas",2002,74.173,12921234,5773.044512,9.6
"Ecuador","Americas",2007,74.994,13755680,6873.262326,10.2
"Egypt","Africa",1972,51.137,34807417,2024.008147,4.8
"Egypt","Africa",1977,53.319,38783863,2785.493582,5.8
"Egypt","Africa",1982,56.006,45681811,3503.729636,6.7
"Egypt","Africa",1987,59.797,52799062,3885.46071,7.5
"Egypt","Africa",1992,63.674,59402198,3794.755195,8.2
"Egypt","Africa",1997,67.217,66134291,4173.181797,8.9
"Egypt","Africa",2002,69.806,73312559,4754.604414,9.4
"Egypt","Africa",2007,71.338,80264543,5581.180998,9.8
"El Salvador","Americas",1972,58.207,3790903,4520.246008,3.9
"El Salvador","Americas",1977,56.696,4282586,5138.922374,4.6
"El Salvador","Americas",1982,56.604,4474873,4098.344175,5.3
"El Salvador","Americas",1987,63.154,4842194,4140.442097,6
"El Salvador","Americas",1992,66.798,5274649,4444.2317,6.6
"El Salvador","Americas",1997,69.535,5783439,5154.825496,7.3
"El Salvador","Americas",2002,70.734,6353681,5351.568666,8
"El Salvador","Americas",2007,71.878,6939688,5728.353514,8.6
"Equatorial Guinea","Africa",1972,40.516,277603,672.4122571,4.5
"Equatorial Guinea","Africa",1977,42.024,192675,958.5668124,5.4
"Equatorial Guinea","Africa",1982,43.662,285483,927.8253427,6.2
"Equatorial Guinea","Africa",1987,45.664,341244,966.8968149,6.9
"Equatorial Guinea","Africa",1992,47.545,387838,1132.055034,7.3
"Equatorial Guinea","Africa",1997,48.245,439971,2814.480755,7.7
"Equatorial Guinea","Africa",2002,49.348,495627,7703.4959,8.1
"Equatorial Guinea","Africa",2007,51.579,551201,12154.08975,8.5
"Eritrea","Africa",1972,44.142,2260187,514.3242082,1.3
"Eritrea","Africa",1977,44.535,2512642,505.7538077,1.8
"Eritrea","Africa",1982,43.89,2637297,524.8758493,2.3
"Eritrea","Africa",1987,46.453,2915959,521.1341333,2.9
"Eritrea","Africa",1992,49.991,3668440,582.8585102,3.6
"Eritrea","Africa",1997,53.378,4058319,913.47079,4.3
"Eritrea","Africa",2002,55.24,4414865,765.3500015,5.1
"Eritrea","Africa",2007,58.04,4906585,641.3695236,5.9
"Ethiopia","Africa",1972,43.515,30770372,566.2439442,1
"Ethiopia","Africa",1977,44.51,34617799,556.8083834,1.3
"Ethiopia","Africa",1982,44.916,38111756,577.8607471,1.6
"Ethiopia","Africa",1987,46.684,42999530,573.7413142,2
"Ethiopia","Africa",1992,48.091,52088559,421.3534653,2.4
"Ethiopia","Africa",1997,49.402,59861301,515.8894013,2.8
"Ethiopia","Africa",2002,50.725,67946797,530.0535319,3.2
"Ethiopia","Africa",2007,52.947,76511887,690.8055759,3.5
"Finland","Europe",1972,70.87,4639657,14358.8759,8.7
"Finland","Europe",1977,72.52,4738902,15605.42283,9.5
"Finland","Europe",1982,74.55,4826933,18533.15761,10.3
"Finland","Europe",1987,74.83,4931729,21141.01223,10.9
"Finland","Europe",1992,75.7,5041039,20647.16499,11.3
"Finland","Europe",1997,77.13,5134406,23723.9502,11.7
"Finland","Europe",2002,78.37,5193039,28204.59057,12.1
"Finland","Europe",2007,79.313,5238460,33207.0844,12.4
"France","Europe",1972,72.38,51732000,16107.19171,7.6
"France","Europe",1977,73.83,53165019,18292.63514,8.4
"France","Europe",1982,74.89,54433565,20293.89746,9
"France","Europe",1987,76.34,55630100,22066.44214,9.7
"France","Europe",1992,77.46,57374179,24703.79615,10.3
"France","Europe",1997,78.64,58623428,25889.78487,10.9
"France","Europe",2002,79.59,59925035,28926.03234,11.4
"France","Europe",2007,80.657,61083916,30470.0167,11.9
"Gabon","Africa",1972,48.69,537977,11401.94841,4.6
"Gabon","Africa",1977,52.79,706367,21745.57328,5.5
"Gabon","Africa",1982,56.564,753874,15113.36194,6.4
"Gabon","Africa",1987,60.19,880397,11864.40844,7.2
"Gabon","Africa",1992,61.366,985739,13522.15752,7.8
"Gabon","Africa",1997,60.461,1126189,14722.84188,8.3
"Gabon","Africa",2002,56.761,1299304,12521.71392,8.7
"Gabon","Africa",2007,56.735,1454867,13206.48452,9.1
"Gambia","Africa",1972,38.308,517101,756.0868363,1.8
"Gambia","Africa",1977,41.842,608274,884.7552507,2.3
"Gambia","Africa",1982,45.58,715523,835.8096108,2.8
"Gambia","Africa",1987,49.265,848406,611.6588611,3.4
"Gambia","Africa",1992,52.644,1025384,665.6244126,3.9
"Gambia","Africa",1997,55.861,1235767,653.7301704,4.5
"Gambia","Africa",2002,58.041,1457766,660.5855997,5.1
"Gambia","Africa",2007,59.448,1688359,752.7497265,5.6
"Germany","Europe",1972,71,78717088,18016.18027,9.3
"Germany","Europe",1977,72.5,78160773,20512.92123,10.1
"Germany","Europe",1982,73.8,78335266,22031.53274,10.7
"Germany","Europe",1987,74.847,77718298,24639.18566,11.2
"Germany","Europe",1992,76.07,80597764,26505.30317,11.6
"Germany","Europe",1997,77.34,82011073,27788.88416,12
"Germany","Europe",2002,78.67,82350671,30035.80198,12.3
"Germany","Europe",2007,79.406,82400996,32170.37442,12.5
"Ghana","Africa",1972,49.875,9354120,1178.223708,4.9
"Ghana","Africa",1977,51.756,10538093,993.2239571,5.7
"Ghana","Africa",1982,53.744,11400338,876.032569,6.5
"Ghana","Africa",1987,55.729,14168101,847.0061135,7.1
"Ghana","Africa",1992,57.501,16278738,925.060154,7.5
"Ghana","Africa",1997,58.556,18418288,1005.245812,7.9
"Ghana","Africa",2002,58.453,20550751,1111.984578,8.2
"Ghana","Africa",2007,60.022,22873338,1327.60891,8.5
"Greece","Europe",1972,72.34,8888628,12724.82957,7.5
"Greece","Europe",1977,73.68,9308479,14195.52428,8.4
"Greece","Europe",1982,75.24,9786480,15268.42089,9.3
"Greece","Europe",1987,76.67,9974490,16120.52839,10.1
"Greece","Europe",1992,77.03,10325429,17541.49634,10.8
"Greece","Europe",1997,77.869,10502372,18747.69814,11.4
"Greece","Europe",2002,78.256,10603863,22514.2548,12
"Greece","Europe",2007,79.483,10706290,27538.41188,12.5
"Guatemala","Americas",1972,53.738,5149581,4031.408271,2.7
"Guatemala","Americas",1977,56.029,5703430,4879.992748,3.2
"Guatemala","Americas",1982,58.137,6395630,4820.49479,3.8
"Guatemala","Americas",1987,60.782,7326406,4246.485974,4.3
"Guatemala","Americas",1992,63.373,8486949,4439.45084,4.9
"Guatemala","Americas",1997,66.322,9803875,4684.313807,5.4
"Guatemala","Americas",2002,68.978,11178650,4858.347495,5.9
"Guatemala","Americas",2007,70.259,12572928,5186.050003,6.4
"Guinea","Africa",1972,38.842,3811387,741.6662307,1.4
"Guinea","Africa",1977,40.762,4227026,874.6858643,1.8
"Guinea","Africa",1982,42.891,4710497,857.2503577,2.2
"Guinea","Africa",1987,45.552,5650262,805.5724718,2.7
"Guinea","Africa",1992,48.576,6990574,794.3484384,3.1
"Guinea","Africa",1997,51.455,8048834,869.4497668,3.5
"Guinea","Africa",2002,53.676,8807818,945.5835837,3.9
"Guinea","Africa",2007,56.007,9947814,942.6542111,4.1
"Guinea-Bissau","Africa",1972,36.486,625361,820.2245876,1.3
"Guinea-Bissau","Africa",1977,37.465,745228,764.7259628,1.6
"Guinea-Bissau","Africa",1982,39.327,825987,838.1239671,2
"Guinea-Bissau","Africa",1987,41.245,927524,736.4153921,2.5
"Guinea-Bissau","Africa",1992,43.266,1050938,745.5398706,2.9
"Guinea-Bissau","Africa",1997,44.873,1193708,796.6644681,3.4
"Guinea-Bissau","Africa",2002,45.504,1332459,575.7047176,3.8
"Guinea-Bissau","Africa",2007,46.388,1472041,579.231743,4.2
"Haiti","Americas",1972,48.042,4698301,1654.456946,1.9
"Haiti","Americas",1977,49.923,4908554,1874.298931,2.5
"Haiti","Americas",1982,51.461,5198399,2011.159549,3.1
"Haiti","Americas",1987,53.636,5756203,1823.015995,3.8
"Haiti","Americas",1992,55.089,6326682,1456.309517,4.6
"Haiti","Americas",1997,56.671,6913545,1341.726931,5.4
"Haiti","Americas",2002,58.137,7607651,1270.364932,6.3
"Haiti","Americas",2007,60.916,8502814,1201.637154,7.1
"Honduras","Americas",1972,53.884,2965146,2529.842345,3
"Honduras","Americas",1977,57.402,3055235,3203.208066,3.7
"Honduras","Americas",1982,60.909,3669448,3121.760794,4.4
"Honduras","Americas",1987,64.492,4372203,3023.096699,5.1
"Honduras","Americas",1992,66.399,5077347,3081.694603,5.7
"Honduras","Americas",1997,67.659,5867957,3160.454906,6.3
"Honduras","Americas",2002,68.565,6677328,3099.72866,6.9
"Honduras","Americas",2007,70.198,7483763,3548.330846,7.5
"Hungary","Europe",1972,69.76,10394091,10168.65611,8.8
"Hungary","Europe",1977,69.95,10637171,11674.83737,9.5
"Hungary","Europe",1982,69.39,10705535,12545.99066,10.1
"Hungary","Europe",1987,69.58,10612740,12986.47998,10.7
"Hungary","Europe",1992,69.17,10348684,10535.62855,11.2
"Hungary","Europe",1997,71.04,10244684,11712.7768,11.6
"Hungary","Europe",2002,72.59,10083313,14843.93556,12
"Hungary","Europe",2007,73.338,9956108,18008.94444,12.3
"India","Asia",1972,50.651,567000000,724.032527,3.6
"India","Asia",1977,54.208,634000000,813.337323,4.3
"India","Asia",1982,56.596,708000000,855.7235377,5
"India","Asia",1987,58.553,788000000,976.5126756,5.6
"India","Asia",1992,60.223,872000000,1164.406809,6.2
"India","Asia",1997,61.765,959000000,1458.817442,6.8
"India","Asia",2002,62.879,1034172547,1746.769454,7.4
"India","Asia",2007,64.698,1110396331,2452.210407,7.9
"Indonesia","Asia",1972,49.203,121282000,1111.107907,4.3
"Indonesia","Asia",1977,52.702,136725000,1382.702056,5.1
"Indonesia","Asia",1982,56.159,153343000,1516.872988,5.9
"Indonesia","Asia",1987,60.137,169276000,1748.356961,6.6
"Indonesia","Asia",1992,62.681,184816000,2383.140898,7.3
"Indonesia","Asia",1997,66.041,199278000,3119.335603,7.9
"Indonesia","Asia",2002,68.588,211060000,2873.91287,8.5
"Indonesia","Asia",2007,70.65,223547000,3540.651564,9.1
"Iran","Asia",1972,55.234,30614000,9613.818607,3.9
"Iran","Asia",1977,57.702,35480679,11888.59508,4.6
"Iran","Asia",1982,59.62,43072751,7608.334602,5.5
"Iran","Asia",1987,63.04,51889696,6642.881371,6.4
"Iran","Asia",1992,65.742,60397973,7235.653188,7.3
"Iran","Asia",1997,68.042,63327987,8263.590301,8.1
"Iran","Asia",2002,69.451,66907826,9240.761975,8.8
"Iran","Asia",2007,70.964,69453570,11605.71449,9.4
"Iraq","Asia",1972,56.95,10061506,9576.037596,5.6
"Iraq","Asia",1977,60.413,11882916,14688.23507,6.3
"Iraq","Asia",1982,62.038,14173318,14517.90711,6.8
"Iraq","Asia",1987,65.044,16543189,11643.57268,7.1
"Iraq","Asia",1992,59.461,17861905,3745.640687,6.9
"Iraq","Asia",1997,58.811,20775703,3076.239795,7
"Iraq","Asia",2002,57.046,24001816,4390.717312,7.2
"Iraq","Asia",2007,59.545,27499638,4471.061906,7.4
"Ireland","Europe",1972,71.28,3024400,9530.772896,7.8
"Ireland","Europe",1977,72.03,3271900,11150.98113,8.8
"Ireland","Europe",1982,73.1,3480000,12618.32141,9.6
"Ireland","Europe",1987,74.36,3539900,13872.86652,10.4
"Ireland","Europe",1992,75.467,3557761,17558.81555,11.1
"Ireland","Europe",1997,76.122,3667233,24521.94713,11.6
"Ireland","Europe",2002,77.783,3879155,34077.04939,12
"Ireland","Europe",2007,78.885,4109086,40675.99635,12.4
"Israel","Asia",1972,71.63,3095893,12786.93223,9.6
"Israel","Asia",1977,73.06,3495918,13306.61921,10.4
"Israel","Asia",1982,74.45,3858421,15367.0292,11.1
"Israel","Asia",1987,75.6,4203148,17122.47986,11.7
"Israel","Asia",1992,76.93,4936550,18051.52254,12.1
"Israel","Asia",1997,78.269,5531387,20896.60924,12.6
"Israel","Asia",2002,79.696,6029529,21905.59514,13
"Israel","Asia",2007,80.745,6426679,25523.2771,13.4
"Italy","Europe",1972,72.19,54365564,12269.27378,8.1
"Italy","Europe",1977,73.48,56059245,14255.98475,9
"Italy","Europe",1982,74.98,56535636,16537.4835,9.7
"Italy","Europe",1987,76.42,56729703,19207.23482,10.4
"Italy","Europe",1992,77.44,56840847,22013.64486,10.9
"Italy","Europe",1997,78.82,57479469,24675.02446,11.4
"Italy","Europe",2002,80.24,57926999,27968.09817,11.7
"Italy","Europe",2007,80.546,58147733,28569.7197,12
"Jamaica","Americas",1972,69,1997616,7433.889293,6.9
"Jamaica","Americas",1977,70.11,2156814,6650.195573,7.8
"Jamaica","Americas",1982,71.21,2298309,6068.05135,8.6
"Jamaica","Americas",1987,71.77,2326606,6351.237495,9.3
"Jamaica","Americas",1992,71.766,2378618,7404.923685,9.9
"Jamaica","Americas",1997,72.262,2531311,7121.924704,10.4
"Jamaica","Americas",2002,72.047,2664659,6994.774861,10.8
"Jamaica","Americas",2007,72.567,2780132,7320.880262,11.2
"Japan","Asia",1972,73.42,107188273,14778.78636,10.4
"Japan","Asia",1977,75.38,113872473,16610.37701,11
"Japan","Asia",1982,77.11,118454974,19384.10571,11.5
"Japan","Asia",1987,78.67,122091325,22375.94189,12
"Japan","Asia",1992,79.36,124329269,26824.89511,12.5
"Japan","Asia",1997,80.69,125956499,28816.58499,12.9
"Japan","Asia",2002,82,127065841,28604.5919,13.2
"Japan","Asia",2007,82.603,127467972,31656.06806,13.5
"Jordan","Asia",1972,56.528,1613551,2110.856309,6.3
"Jordan","Asia",1977,61.134,1937652,2852.351568,7.4
"Jordan","Asia",1982,63.739,2347031,4161.415959,8.4
"Jordan","Asia",1987,65.869,2820042,4448.679912,9.3
"Jordan","Asia",1992,68.015,3867409,3431.593647,10
"Jordan","Asia",1997,69.772,4526235,3645.379572,10.6
"Jordan","Asia",2002,71.263,5307470,3844.917194,11.2
"Jordan","Asia",2007,72.535,6053193,4519.461171,11.6
"Kenya","Africa",1972,53.559,12044785,1222.359968,4.6
"Kenya","Africa",1977,56.155,14500404,1267.613204,5.5
"Kenya","Africa",1982,58.766,17661452,1348.225791,6.4
"Kenya","Africa",1987,59.339,21198082,1361.936856,7.1
"Kenya","Africa",1992,59.285,25020539,1341.921721,7.7
"Kenya","Africa",1997,54.407,28263827,1360.485021,8.3
"Kenya","Africa",2002,50.992,31386842,1287.514732,8.9
"Kenya","Africa",2007,54.11,35610177,1463.249282,9.4
"Korea, Rep.","Asia",1972,62.612,33505000,3030.87665,9.9
"Korea, Rep.","Asia",1977,64.766,36436000,4657.22102,10.9
"Korea, Rep.","Asia",1982,67.123,39326000,5622.942464,11.8
"Korea, Rep.","Asia",1987,69.81,41622000,8533.088805,12.6
"Korea, Rep.","Asia",1992,72.244,43805450,12104.27872,13.3
"Korea, Rep.","Asia",1997,74.647,46173816,15993.52796,13.8
"Korea, Rep.","Asia",2002,77.045,47969150,19233.98818,14.3
"Korea, Rep.","Asia",2007,78.623,49044790,23348.13973,14.6
"Kuwait","Asia",1972,67.712,841934,109347.867,4.2
"Kuwait","Asia",1977,69.343,1140357,59265.47714,4.9
"Kuwait","Asia",1982,71.309,1497494,31354.03573,5.6
"Kuwait","Asia",1987,74.174,1891487,28118.42998,6.1
"Kuwait","Asia",1992,75.19,1418095,34932.91959,6.7
"Kuwait","Asia",1997,76.156,1765345,40300.61996,7.2
"Kuwait","Asia",2002,76.904,2111561,35110.10566,7.7
"Kuwait","Asia",2007,77.588,2505559,47306.98978,8.1
"Lebanon","Asia",1972,65.421,2680018,7486.384341,5.2
"Lebanon","Asia",1977,66.099,3115787,8659.696836,6.1
"Lebanon","Asia",1982,66.983,3086876,7640.519521,6.9
"Lebanon","Asia",1987,67.926,3089353,5377.091329,7.6
"Lebanon","Asia",1992,69.292,3219994,6890.806854,8.3
"Lebanon","Asia",1997,70.265,3430388,8754.96385,8.9
"Lebanon","Asia",2002,71.028,3677780,9313.93883,9.4
"Lebanon","Asia",2007,71.993,3921278,10461.05868,9.9
"Lesotho","Africa",1972,49.767,1116779,496.5815922,3.2
"Lesotho","Africa",1977,52.208,1251524,745.3695408,3.7
"Lesotho","Africa",1982,55.078,1411807,797.2631074,4.2
"Lesotho","Africa",1987,57.18,1599200,773.9932141,4.8
"Lesotho","Africa",1992,59.685,1803195,977.4862725,5.3
"Lesotho","Africa",1997,55.558,1982823,1186.147994,5.8
"Lesotho","Africa",2002,44.593,2046772,1275.184575,6.3
"Lesotho","Africa",2007,42.592,2012649,1569.331442,6.8
"Liberia","Africa",1972,42.614,1482628,803.0054535,2.5
"Liberia","Africa",1977,43.764,1703617,640.3224383,3.1
"Liberia","Africa",1982,44.852,1956875,572.1995694,3.9
"Liberia","Africa",1987,46.027,2269414,506.1138573,4.6
"Liberia","Africa",1992,40.802,1912974,636.6229191,5.2
"Liberia","Africa",1997,42.221,2200725,609.1739508,5.7
"Liberia","Africa",2002,43.753,2814651,531.4823679,6.1
"Liberia","Africa",2007,45.678,3193942,414.5073415,6.5
"Madagascar","Africa",1972,44.851,7082430,1748.562982,2.7
"Madagascar","Africa",1977,46.881,8007166,1544.228586,3.2
"Madagascar","Africa",1982,48.969,9171477,1302.878658,3.8
"Madagascar","Africa",1987,49.35,10568642,1155.441948,4.3
"Madagascar","Africa",1992,52.214,12210395,1040.67619,4.7
"Madagascar","Africa",1997,54.978,14165114,986.2958956,5.1
"Madagascar","Africa",2002,57.286,16473477,894.6370822,5.5
"Madagascar","Africa",2007,59.443,19167654,1044.770126,5.9
"Malawi","Africa",1972,41.766,4730997,584.6219709,2.8
"Malawi","Africa",1977,43.767,5637246,663.2236766,3.4
"Malawi","Africa",1982,45.642,6502825,632.8039209,4.1
"Malawi","Africa",1987,47.457,7824747,635.5173634,4.7
"Malawi","Africa",1992,49.42,10014249,563.2000145,5.3
"Malawi","Africa",1997,47.495,10419991,692.2758103,5.9
"Malawi","Africa",2002,45.009,11824495,665.4231186,6.5
"Malawi","Africa",2007,48.303,13327079,759.3499101,7.1
"Malaysia","Asia",1972,63.01,11441462,2849.09478,5.7
"Malaysia","Asia",1977,65.256,12845381,3827.921571,6.6
"Malaysia","Asia",1982,68,14441916,4920.355951,7.4
"Malaysia","Asia",1987,69.5,16331785,5249.802653,8.2
"Malaysia","Asia",1992,70.693,18319502,7277.912802,8.9
"Malaysia","Asia",1997,71.938,20476091,10132.90964,9.6
"Malaysia","Asia",2002,73.044,22662365,10206.97794,10.2
"Malaysia","Asia",2007,74.241,24821286,12451.6558,10.8
"Mali","Africa",1972,39.977,5828158,581.3688761,0.9
"Mali","Africa",1977,41.714,6491649,686.3952693,1.1
"Mali","Africa",1982,43.916,6998256,618.0140641,1.4
"Mali","Africa",1987,46.364,7634008,684.1715576,1.7
"Mali","Africa",1992,48.388,8416215,739.014375,1.9
"Mali","Africa",1997,49.903,9384984,790.2579846,2.2
"Mali","Africa",2002,51.818,10580176,951.4097518,2.4
"Mali","Africa",2007,54.467,12031795,1042.581557,2.6
"Mauritania","Africa",1972,48.437,1332786,1586.851781,1.5
"Mauritania","Africa",1977,50.852,1456688,1497.492223,1.8
"Mauritania","Africa",1982,53.599,1622136,1481.150189,2.2
"Mauritania","Africa",1987,56.145,1841240,1421.603576,2.7
"Mauritania","Africa",1992,58.333,2119465,1361.369784,3.3
"Mauritania","Africa",1997,60.43,2444741,1483.136136,3.9
"Mauritania","Africa",2002,62.247,2828858,1579.019543,4.5
"Mauritania","Africa",2007,64.164,3270065,1803.151496,5
"Mauritius","Africa",1972,62.944,851334,2575.484158,4.2
"Mauritius","Africa",1977,64.93,913025,3710.982963,5.1
"Mauritius","Africa",1982,66.711,992040,3688.037739,6.1
"Mauritius","Africa",1987,68.74,1042663,4783.586903,7.1
"Mauritius","Africa",1992,69.745,1096202,6058.253846,8
"Mauritius","Africa",1997,70.736,1149818,7425.705295,8.8
"Mauritius","Africa",2002,71.954,1200206,9021.815894,9.5
"Mauritius","Africa",2007,72.801,1250882,10956.99112,10
"Mexico","Americas",1972,62.361,55984294,6809.40669,4.8
"Mexico","Americas",1977,65.032,63759976,7674.929108,5.7
"Mexico","Americas",1982,67.405,71640904,9611.147541,6.6
"Mexico","Americas",1987,69.498,80122492,8688.156003,7.4
"Mexico","Americas",1992,71.455,88111030,9472.384295,8.2
"Mexico","Americas",1997,73.67,95895146,9767.29753,8.9
"Mexico","Americas",2002,74.902,102479927,10742.44053,9.5
"Mexico","Americas",2007,76.195,108700891,11977.57496,10.1
"Mongolia","Asia",1972,53.754,1320500,1421.741975,6.9
"Mongolia","Asia",1977,55.491,1528000,1647.511665,7.6
"Mongolia","Asia",1982,57.489,1756032,2000.603139,8.2
"Mongolia","Asia",1987,60.222,2015133,2338.008304,8.6
"Mongolia","Asia",1992,61.271,2312802,1785.402016,8.8
"Mongolia","Asia",1997,63.625,2494803,1902.2521,9
"Mongolia","Asia",2002,65.033,2674234,2140.739323,9.2
"Mongolia","Asia",2007,66.803,2874127,3095.772271,9.3
"Montenegro","Europe",1972,70.636,527678,7778.414017,8.2
"Montenegro","Europe",1977,73.066,560073,9595.929905,9
"Montenegro","Europe",1982,74.101,562548,11222.58762,9.7
"Montenegro","Europe",1987,74.865,569473,11732.51017,10.3
"Montenegro","Europe",1992,75.435,621621,7003.339037,10.8
"Montenegro","Europe",1997,75.445,692651,6465.613349,11.2
"Montenegro","Europe",2002,73.981,720230,6557.194282,11.6
"Montenegro","Europe",2007,74.543,684736,9253.896111,11.9
"Morocco","Africa",1972,52.862,16660670,1930.194975,2.3
"Morocco","Africa",1977,55.73,18396941,2370.619976,2.9
"Morocco","Africa",1982,59.65,20198730,2702.620356,3.6
"Morocco","Africa",1987,62.677,22987397,2755.046991,4.3
"Morocco","Africa",1992,65.393,25798239,2948.047252,5
"Morocco","Africa",1997,67.66,28529501,2982.101858,5.6
"Morocco","Africa",2002,69.615,31167783,3258.495584,6.2
"Morocco","Africa",2007,71.164,33757175,3820.17523,6.7
"Mozambique","Africa",1972,40.328,9809596,724.9178037,1.9
"Mozambique","Africa",1977,42.495,11127868,502.3197334,2.3
"Mozambique","Africa",1982,42.795,12587223,462.2114149,2.7
"Mozambique","Africa",1987,42.861,12891952,389.8761846,3.1
"Mozambique","Africa",1992,44.284,13160731,410.8968239,3.5
"Mozambique","Africa",1997,46.344,16603334,472.3460771,3.8
"Mozambique","Africa",2002,44.026,18473780,633.6179466,4.2
"Mozambique","Africa",2007,42.082,19951656,823.6856205,4.5
"Myanmar","Asia",1972,53.07,28466390,357,3.1
"Myanmar","Asia",1977,56.059,31528087,371,3.7
"Myanmar","Asia",1982,58.056,34680442,424,4.3
"Myanmar","Asia",1987,58.339,38028578,385,4.8
"Myanmar","Asia",1992,59.32,40546538,347,5.2
"Myanmar","Asia",1997,60.328,43247867,415,5.6
"Myanmar","Asia",2002,59.908,45598081,611,6
"Myanmar","Asia",2007,62.069,47761980,944,6.3
"Namibia","Africa",1972,53.867,821782,3746.080948,3.6
"Namibia","Africa",1977,56.437,977026,3876.485958,4.4
"Namibia","Africa",1982,58.968,1099010,4191.100511,5.2
"Namibia","Africa",1987,60.835,1278184,3693.731337,6
"Namibia","Africa",1992,61.999,1554253,3804.537999,6.6
"Namibia","Africa",1997,58.909,1774766,3899.52426,7.3
"Namibia","Africa",2002,51.479,1972153,4072.324751,7.9
"Namibia","Africa",2007,52.906,2055080,4811.060429,8.4
"Nepal","Asia",1972,43.971,12412593,674.7881296,1.9
"Nepal","Asia",1977,46.748,13933198,694.1124398,2.4
"Nepal","Asia",1982,49.594,15796314,718.3730947,3
"Nepal","Asia",1987,52.537,17917180,775.6324501,3.7
"Nepal","Asia",1992,55.727,20326209,897.7403604,4.4
"Nepal","Asia",1997,59.426,23001113,1010.892138,5.1
"Nepal","Asia",2002,61.34,25873917,1057.206311,5.7
"Nepal","Asia",2007,63.785,28901790,1091.359778,6.4
"Netherlands","Europe",1972,73.75,13329874,18794.74567,8.8
"Netherlands","Europe",1977,75.24,13852989,21209.0592,9.6
"Netherlands","Europe",1982,76.05,14310401,21399.46046,10.2
"Netherlands","Europe",1987,76.83,14665278,23651.32361,10.7
"Netherlands","Europe",1992,77.42,15174244,26790.94961,11.1
"Netherlands","Europe",1997,78.03,15604464,30246.13063,11.6
"Netherlands","Europe",2002,78.53,16122830,33724.75778,12
"Netherlands","Europe",2007,79.762,16570613,36797.93332,12.4
"New Zealand","Oceania",1972,71.89,2929100,16046.03728,8.2
"New Zealand","Oceania",1977,72.22,3164900,16233.7177,9.2
"New Zealand","Oceania",1982,73.84,3210650,17632.4104,10
"New Zealand","Oceania",1987,74.32,3317166,19007.19129,10.8
"New Zealand","Oceania",1992,76.33,3437674,18363.32494,11.4
"New Zealand","Oceania",1997,77.55,3676187,21050.41377,12
"New Zealand","Oceania",2002,79.11,3908037,23189.80135,12.5
"New Zealand","Oceania",2007,80.204,4115771,25185.00911,13
"Nicaragua","Americas",1972,55.151,2182908,4688.593267,3.5
"Nicaragua","Americas",1977,57.47,2554598,5486.371089,4.1
"Nicaragua","Americas",1982,59.298,2979423,3470.338156,4.7
"Nicaragua","Americas",1987,62.008,3344353,2955.984375,5.2
"Nicaragua","Americas",1992,65.843,4017939,2170.151724,5.7
"Nicaragua","Americas",1997,68.426,4609572,2253.023004,6.2
"Nicaragua","Americas",2002,70.836,5146848,2474.548819,6.6
"Nicaragua","Americas",2007,72.899,5675356,2749.320965,6.9
"Niger","Africa",1972,40.546,5060262,954.2092363,0.5
"Niger","Africa",1977,41.291,5682086,808.8970728,0.6
"Niger","Africa",1982,42.598,6437188,909.7221354,0.8
"Niger","Africa",1987,44.555,7332638,668.3000228,1.1
"Niger","Africa",1992,47.391,8392818,581.182725,1.4
"Niger","Africa",1997,51.313,9666252,580.3052092,1.8
"Niger","Africa",2002,54.496,11140655,601.0745012,2.2
"Niger","Africa",2007,56.867,12894865,619.6768924,2.5
"Nigeria","Africa",1972,42.821,53740085,1698.388838,3.4
"Nigeria","Africa",1977,44.514,62209173,1981.951806,4.2
"Nigeria","Africa",1982,45.826,73039376,1576.97375,5.1
"Nigeria","Africa",1987,46.886,81551520,1385.029563,5.9
"Nigeria","Africa",1992,47.472,93364244,1619.848217,6.7
"Nigeria","Africa",1997,47.464,106207839,1624.941275,7.4
"Nigeria","Africa",2002,46.608,119901274,1615.286395,8.1
"Nigeria","Africa",2007,46.859,135031164,2013.977305,8.6
"Norway","Europe",1972,74.34,3933004,18965.05551,8.7
"Norway","Europe",1977,75.37,4043205,23311.34939,10.1
"Norway","Europe",1982,75.97,4114787,26298.63531,11.3
"Norway","Europe",1987,75.89,4186147,31540.9748,12.1
"Norway","Europe",1992,77.32,4286357,33965.66115,12.8
"Norway","Europe",1997,78.32,4405672,41283.16433,13.3
"Norway","Europe",2002,79.05,4535591,44683.97525,13.9
"Norway","Europe",2007,80.196,4627926,49357.19017,14.3
"Oman","Asia",1972,52.143,829050,10618.03855,3.2
"Oman","Asia",1977,57.367,1004533,11848.34392,4
"Oman","Asia",1982,62.728,1301048,12954.79101,5
"Oman","Asia",1987,67.734,1593882,18115.22313,6
"Oman","Asia",1992,71.197,1915208,18616.70691,6.8
"Oman","Asia",1997,72.499,2283635,19702.05581,7.6
"Oman","Asia",2002,74.193,2713462,19774.83687,8.2
"Oman","Asia",2007,75.64,3204897,22316.19287,8.7
"Pakistan","Asia",1972,51.929,69325921,1049.938981,2.3
"Pakistan","Asia",1977,54.043,78152686,1175.921193,2.9
"Pakistan","Asia",1982,56.158,91462088,1443.429832,3.6
"Pakistan","Asia",1987,58.245,105186881,1704.686583,4.2
"Pakistan","Asia",1992,60.838,120065004,1971.829464,5
"Pakistan","Asia",1997,61.818,135564834,2049.350521,5.7
"Pakistan","Asia",2002,63.61,153403524,2092.712441,6.4
"Pakistan","Asia",2007,65.483,169270617,2605.94758,7.1
"Panama","Americas",1972,66.216,1616384,5364.249663,6.5
"Panama","Americas",1977,68.681,1839782,5351.912144,7.3
"Panama","Americas",1982,70.472,2036305,7009.601598,8
"Panama","Americas",1987,71.523,2253639,7034.779161,8.7
"Panama","Americas",1992,72.462,2484997,6618.74305,9.4
"Panama","Americas",1997,73.738,2734531,7113.692252,10
"Panama","Americas",2002,74.712,2990875,7356.031934,10.6
"Panama","Americas",2007,75.537,3242173,9809.185636,11.1
"Paraguay","Americas",1972,65.815,2614104,2523.337977,4.9
"Paraguay","Americas",1977,66.353,2984494,3248.373311,5.5
"Paraguay","Americas",1982,66.874,3366439,4258.503604,6.1
"Paraguay","Americas",1987,67.378,3886512,3998.875695,6.5
"Paraguay","Americas",1992,68.225,4483945,4196.411078,6.9
"Paraguay","Americas",1997,69.4,5154123,4247.400261,7.3
"Paraguay","Americas",2002,70.755,5884491,3783.674243,7.6
"Paraguay","Americas",2007,71.752,6667147,4172.838464,8
"Peru","Americas",1972,55.448,13954700,5937.827283,5.8
"Peru","Americas",1977,58.447,15990099,6281.290855,6.8
"Peru","Americas",1982,61.406,18125129,6434.501797,7.8
"Peru","Americas",1987,64.134,20195924,6360.943444,8.7
"Peru","Americas",1992,66.458,22430449,4446.380924,9.4
"Peru","Americas",1997,68.386,24748122,5838.347657,10.1
"Peru","Americas",2002,69.906,26769436,5909.020073,10.8
"Peru","Americas",2007,71.421,28674757,7408.905561,11.4
"Philippines","Asia",1972,58.065,40850141,1989.37407,6.6
"Philippines","Asia",1977,60.06,46850962,2373.204287,7.4
"Philippines","Asia",1982,62.082,53456774,2603.273765,8
"Philippines","Asia",1987,64.151,60017788,2189.634995,8.4
"Philippines","Asia",1992,66.458,67185766,2279.324017,8.8
"Philippines","Asia",1997,68.564,75012988,2536.534925,9.2
"Philippines","Asia",2002,70.303,82995088,2650.921068,9.5
"Philippines","Asia",2007,71.688,91077287,3190.481016,9.8
"Poland","Europe",1972,70.85,33039545,8006.506993,9.8
"Poland","Europe",1977,70.67,34621254,9508.141454,10.4
"Poland","Europe",1982,71.32,36227381,8451.531004,11
"Poland","Europe",1987,70.98,37740710,9082.351172,11.4
"Poland","Europe",1992,70.99,38370697,7738.881247,11.8
"Poland","Europe",1997,72.75,38654957,10159.58368,12.1
"Poland","Europe",2002,74.67,38625976,12002.23908,12.3
"Poland","Europe",2007,75.563,38518241,15389.92468,12.6
"Portugal","Europe",1972,69.26,8970450,9022.247417,4.7
"Portugal","Europe",1977,70.41,9662600,10172.48572,5.4
"Portugal","Europe",1982,72.77,9859650,11753.84291,6.1
"Portugal","Europe",1987,74.06,9915289,13039.30876,6.7
"Portugal","Europe",1992,74.86,9927680,16207.26663,7.3
"Portugal","Europe",1997,75.97,10156415,17641.03156,7.9
"Portugal","Europe",2002,77.29,10433867,19970.90787,8.5
"Portugal","Europe",2007,78.098,10642836,20509.64777,9.1
"Romania","Europe",1972,69.21,20662648,8011.414402,8.6
"Romania","Europe",1977,69.46,21658597,9356.39724,9.5
"Romania","Europe",1982,69.66,22356726,9605.314053,10.4
"Romania","Europe",1987,69.53,22686371,9696.273295,11.1
"Romania","Europe",1992,69.36,22797027,6598.409903,11.6
"Romania","Europe",1997,69.72,22562458,7346.547557,12.1
"Romania","Europe",2002,71.322,22404337,7885.360081,12.6
"Romania","Europe",2007,72.476,22276056,10808.47561,13
"Rwanda","Africa",1972,44.6,3992121,590.5806638,2.2
"Rwanda","Africa",1977,45,4657072,670.0806011,2.6
"Rwanda","Africa",1982,46.218,5507565,881.5706467,3.1
"Rwanda","Africa",1987,44.02,6349365,847.991217,3.6
"Rwanda","Africa",1992,23.599,7290203,737.0685949,4.1
"Rwanda","Africa",1997,36.087,7212583,589.9445051,4.5
"Rwanda","Africa",2002,43.413,7852401,785.6537648,5
"Rwanda","Africa",2007,46.242,8860588,863.0884639,5.4
"Sao Tome and Principe","Africa",1972,56.48,76595,1532.985254,2.9
"Sao Tome and Principe","Africa",1977,58.55,86796,1737.561657,3.6
"Sao Tome and Principe","Africa",1982,60.351,98593,1890.218117,4.2
"Sao Tome and Principe","Africa",1987,61.728,110812,1516.525457,4.7
"Sao Tome and Principe","Africa",1992,62.742,125911,1428.777814,5.2
"Sao Tome and Principe","Africa",1997,63.306,145608,1339.076036,5.8
"Sao Tome and Principe","Africa",2002,64.337,170372,1353.09239,6.3
"Sao Tome and Principe","Africa",2007,65.528,199579,1598.435089,6.7
"Saudi Arabia","Asia",1972,53.886,6472756,24837.42865,5.5
"Saudi Arabia","Asia",1977,58.69,8128505,34167.7626,6.3
"Saudi Arabia","Asia",1982,63.012,11254672,33693.17525,7.1
"Saudi Arabia","Asia",1987,66.295,14619745,21198.26136,8.1
"Saudi Arabia","Asia",1992,68.768,16945857,24841.61777,9
"Saudi Arabia","Asia",1997,70.533,21229759,20586.69019,9.8
"Saudi Arabia","Asia",2002,71.626,24501530,19014.54118,10.4
"Saudi Arabia","Asia",2007,72.777,27601038,21654.83194,10.9
"Senegal","Africa",1972,45.815,4588696,1597.712056,1.5
"Senegal","Africa",1977,48.879,5260855,1561.769116,1.9
"Senegal","Africa",1982,52.379,6147783,1518.479984,2.3
"Senegal","Africa",1987,55.769,7171347,1441.72072,2.8
"Senegal","Africa",1992,58.196,8307920,1367.899369,3.2
"Senegal","Africa",1997,60.187,9535314,1392.368347,3.6
"Senegal","Africa",2002,61.6,10870037,1519.635262,4
"Senegal","Africa",2007,63.062,12267493,1712.472136,4.4
"Serbia","Europe",1972,68.7,8313288,10522.06749,7.1
"Serbia","Europe",1977,70.3,8686367,12980.66956,7.9
"Serbia","Europe",1982,70.162,9032824,15181.0927,8.6
"Serbia","Europe",1987,71.218,9230783,15870.87851,9.3
"Serbia","Europe",1992,71.659,9826397,9325.068238,9.8
"Serbia","Europe",1997,72.232,10336594,7914.320304,10.3
"Serbia","Europe",2002,73.213,10111559,7236.075251,10.7
"Serbia","Europe",2007,74.002,10150265,9786.534714,11.1
"Sierra Leone","Africa",1972,35.4,2879013,1353.759762,1.5
"Sierra Leone","Africa",1977,36.788,3140897,1348.285159,1.9
"Sierra Leone","Africa",1982,38.445,3464522,1465.010784,2.2
"Sierra Leone","Africa",1987,40.006,3868905,1294.447788,2.6
"Sierra Leone","Africa",1992,38.333,4260884,1068.696278,2.9
"Sierra Leone","Africa",1997,39.897,4578212,574.6481576,3.2
"Sierra Leone","Africa",2002,41.012,5359092,699.489713,3.6
"Sierra Leone","Africa",2007,42.568,6144562,862.5407561,3.8
"Singapore","Asia",1972,69.521,2152400,8597.756202,6
"Singapore","Asia",1977,70.795,2325300,11210.08948,6.8
"Singapore","Asia",1982,71.76,2651869,15169.16112,7.6
"Singapore","Asia",1987,73.56,2794552,18861.53081,8.2
"Singapore","Asia",1992,75.788,3235865,24769.8912,8.9
"Singapore","Asia",1997,77.158,3802309,33519.4766,9.5
"Singapore","Asia",2002,78.77,4197776,36023.1054,10.1
"Singapore","Asia",2007,79.972,4553009,47143.17964,10.6
"Slovak Republic","Europe",1972,70.35,4593433,9674.167626,7.7
"Slovak Republic","Europe",1977,70.45,4827803,10922.66404,8.8
"Slovak Republic","Europe",1982,70.8,5048043,11348.54585,9.9
"Slovak Republic","Europe",1987,71.08,5199318,12037.26758,10.8
"Slovak Republic","Europe",1992,71.38,5302888,9498.467723,11.4
"Slovak Republic","Europe",1997,72.71,5383010,12126.23065,12
"Slovak Republic","Europe",2002,73.8,5410052,13638.77837,12.5
"Slovak Republic","Europe",2007,74.663,5447502,18678.31435,12.9
"Slovenia","Europe",1972,69.82,1694510,12383.4862,7.9
"Slovenia","Europe",1977,70.97,1746919,15277.03017,8.9
"Slovenia","Europe",1982,71.063,1861252,17866.72175,9.7
"Slovenia","Europe",1987,72.25,1945870,18678.53492,10.2
"Slovenia","Europe",1992,73.64,1999210,14214.71681,10.7
"Slovenia","Europe",1997,75.13,2011612,17161.10735,11.2
"Slovenia","Europe",2002,76.66,2011497,20660.01936,11.7
"Slovenia","Europe",2007,77.926,2009245,25768.25759,12.1
"Somalia","Africa",1972,40.973,3840161,1254.576127,1.2
"Somalia","Africa",1977,41.974,4353666,1450.992513,1.5
"Somalia","Africa",1982,42.955,5828892,1176.807031,1.8
"Somalia","Africa",1987,44.501,6921858,1093.244963,2.2
"Somalia","Africa",1992,39.658,6099799,926.9602964,2.5
"Somalia","Africa",1997,43.795,6633514,930.5964284,2.8
"Somalia","Africa",2002,45.936,7753310,882.0818218,3
"Somalia","Africa",2007,48.159,9118773,926.1410683,3.2
"South Africa","Africa",1972,53.696,23935810,7765.962636,4.6
"South Africa","Africa",1977,55.527,27129932,8028.651439,5.5
"South Africa","Africa",1982,58.161,31140029,8568.266228,6.4
"South Africa","Africa",1987,60.834,35933379,7825.823398,7.2
"South Africa","Africa",1992,61.888,39964159,7225.069258,7.9
"South Africa","Africa",1997,60.236,42835005,7479.188244,8.6
"South Africa","Africa",2002,53.365,44433622,7710.946444,9.3
"South Africa","Africa",2007,49.339,43997828,9269.657808,10
"Spain","Europe",1972,73.06,34513161,10638.75131,4.9
"Spain","Europe",1977,74.39,36439000,13236.92117,5.9
"Spain","Europe",1982,76.3,37983310,13926.16997,6.9
"Spain","Europe",1987,76.9,38880702,15764.98313,7.9
"Spain","Europe",1992,77.57,39549438,18603.06452,8.7
"Spain","Europe",1997,78.77,39855442,20445.29896,9.4
"Spain","Europe",2002,79.78,40152517,24835.47166,10.1
"Spain","Europe",2007,80.941,40448191,28821.0637,10.6
"Sri Lanka","Asia",1972,65.042,13016733,1213.39553,6.3
"Sri Lanka","Asia",1977,65.949,14116836,1348.775651,7
"Sri Lanka","Asia",1982,68.757,15410151,1648.079789,7.6
"Sri Lanka","Asia",1987,69.011,16495304,1876.766827,8.1
"Sri Lanka","Asia",1992,70.379,17587060,2153.739222,8.6
"Sri Lanka","Asia",1997,70.457,18698655,2664.477257,9.1
"Sri Lanka","Asia",2002,70.815,19576783,3015.378833,9.6
"Sri Lanka","Asia",2007,72.396,20378239,3970.095407,10.1
"Sudan","Africa",1972,45.083,14597019,1659.652775,3
"Sudan","Africa",1977,47.8,17104986,2202.988423,3.6
"Sudan","Africa",1982,50.338,20367053,1895.544073,4.4
"Sudan","Africa",1987,51.744,24725960,1507.819159,5.2
"Sudan","Africa",1992,53.556,28227588,1492.197043,6
"Sudan","Africa",1997,55.373,32160729,1632.210764,6.7
"Sudan","Africa",2002,56.369,37090298,1993.398314,7.4
"Sudan","Africa",2007,58.556,42292929,2602.394995,8
"Swaziland","Africa",1972,49.552,480105,3364.836625,3.4
"Swaziland","Africa",1977,52.537,551425,3781.410618,4.2
"Swaziland","Africa",1982,55.561,649901,3895.384018,5.2
"Swaziland","Africa",1987,57.678,779348,3984.839812,6.1
"Swaziland","Africa",1992,58.474,962344,3553.0224,6.9
"Swaziland","Africa",1997,54.289,1054486,3876.76846,7.7
"Swaziland","Africa",2002,43.869,1130269,4128.116943,8.5
"Swaziland","Africa",2007,39.613,1133066,4513.480643,9.1
"Sweden","Europe",1972,74.72,8122293,17832.02464,9.1
"Sweden","Europe",1977,75.44,8251648,18855.72521,10.1
"Sweden","Europe",1982,76.42,8325260,20667.38125,10.9
"Sweden","Europe",1987,77.19,8421403,23586.92927,11.6
"Sweden","Europe",1992,78.16,8718867,23880.01683,12.1
"Sweden","Europe",1997,79.39,8897619,25266.59499,12.6
"Sweden","Europe",2002,80.04,8954175,29341.63093,13
"Sweden","Europe",2007,80.884,9031088,33859.74835,13.3
"Switzerland","Europe",1972,73.78,6401400,27195.11304,10.1
"Switzerland","Europe",1977,75.39,6316424,26982.29052,11.1
"Switzerland","Europe",1982,76.21,6468126,28397.71512,12
"Switzerland","Europe",1987,77.41,6649942,30281.70459,12.5
"Switzerland","Europe",1992,78.03,6995447,31871.5303,12.9
"Switzerland","Europe",1997,79.37,7193761,32135.32301,13.1
"Switzerland","Europe",2002,80.62,7361757,34480.95771,13.3
"Switzerland","Europe",2007,81.701,7554661,37506.41907,13.4
"Syria","Asia",1972,57.296,6701172,2571.423014,4
"Syria","Asia",1977,61.195,7932503,3195.484582,4.9
"Syria","Asia",1982,64.59,9410494,3761.837715,5.8
"Syria","Asia",1987,66.974,11242847,3116.774285,6.6
"Syria","Asia",1992,69.249,13219062,3340.542768,7.3
"Syria","Asia",1997,71.527,15081016,4014.238972,8
"Syria","Asia",2002,73.053,17155814,4090.925331,8.5
"Syria","Asia",2007,74.143,19314747,4184.548089,9
"Taiwan","Asia",1972,69.39,15226039,4062.523897,6.8
"Taiwan","Asia",1977,70.59,16785196,5596.519826,8.1
"Taiwan","Asia",1982,72.16,18501390,7426.354774,9.2
"Taiwan","Asia",1987,73.4,19757799,11054.56175,10.3
"Taiwan","Asia",1992,74.26,20686918,15215.6579,11.2
"Taiwan","Asia",1997,75.25,21628605,20206.82098,12
"Taiwan","Asia",2002,76.99,22454239,23235.42329,12.6
"Taiwan","Asia",2007,78.4,23174294,28718.27684,13.2
"Tanzania","Africa",1972,47.62,14706593,915.9850592,3.9
"Tanzania","Africa",1977,49.919,17129565,962.4922932,4.4
"Tanzania","Africa",1982,50.608,19844382,874.2426069,5
"Tanzania","Africa",1987,51.535,23040630,831.8220794,5.6
"Tanzania","Africa",1992,50.44,26605473,825.682454,6
"Tanzania","Africa",1997,48.466,30686889,789.1862231,6.3
"Tanzania","Africa",2002,49.651,34593779,899.0742111,6.6
"Tanzania","Africa",2007,52.517,38139640,1107.482182,6.7
"Thailand","Asia",1972,60.405,39276153,1524.358936,5.3
"Thailand","Asia",1977,62.494,44148285,1961.224635,5.9
"Thailand","Asia",1982,64.597,48827160,2393.219781,6.4
"Thailand","Asia",1987,66.084,52910342,2982.653773,6.9
"Thailand","Asia",1992,67.298,56667095,4616.896545,7.3
"Thailand","Asia",1997,67.521,60216677,5852.625497,7.8
"Thailand","Asia",2002,68.564,62806748,5913.187529,8.2
"Thailand","Asia",2007,70.616,65068149,7458.396327,8.6
"Togo","Africa",1972,49.759,2056351,1649.660188,2.5
"Togo","Africa",1977,52.887,2308582,1532.776998,3.1
"Togo","Africa",1982,55.471,2644765,1344.577953,3.7
"Togo","Africa",1987,56.941,3154264,1202.201361,4.4
"Togo","Africa",1992,58.061,3747553,1034.298904,5
"Togo","Africa",1997,58.39,4320890,982.2869243,5.6
"Togo","Africa",2002,57.561,4977378,886.2205765,6.1
"Togo","Africa",2007,58.42,5701579,882.9699438,6.6
"Trinidad and Tobago","Americas",1972,65.9,975199,6619.551419,7
"Trinidad and Tobago","Americas",1977,68.3,1039009,7899.554209,7.8
"Trinidad and Tobago","Americas",1982,68.832,1116479,9119.528607,8.5
"Trinidad and Tobago","Americas",1987,69.582,1191336,7388.597823,9.1
"Trinidad and Tobago","Americas",1992,69.862,1183669,7370.990932,9.7
"Trinidad and Tobago","Americas",1997,69.465,1138101,8792.573126,10.2
"Trinidad and Tobago","Americas",2002,68.976,1101832,11460.60023,10.7
"Trinidad and Tobago","Americas",2007,69.819,1056608,18008.50924,11.1
"Tunisia","Africa",1972,55.602,5303507,2753.285994,4.6
"Tunisia","Africa",1977,59.837,6005061,3120.876811,5.5
"Tunisia","Africa",1982,64.048,6734098,3560.233174,6.5
"Tunisia","Africa",1987,66.894,7724976,3810.419296,7.6
"Tunisia","Africa",1992,70.001,8523077,4332.720164,8.5
"Tunisia","Africa",1997,71.973,9231669,4876.798614,9.3
"Tunisia","Africa",2002,73.042,9770575,5722.895655,10
"Tunisia","Africa",2007,73.923,10276158,7092.923025,10.6
"Turkey","Europe",1972,57.005,37492953,3450.69638,4.1
"Turkey","Europe",1977,59.507,42404033,4269.122326,5
"Turkey","Europe",1982,61.036,47328791,4241.356344,5.9
"Turkey","Europe",1987,63.108,52881328,5089.043686,6.8
"Turkey","Europe",1992,66.146,58179144,5678.348271,7.6
"Turkey","Europe",1997,68.835,63047647,6601.429915,8.4
"Turkey","Europe",2002,70.845,67308928,6508.085718,9.1
"Turkey","Europe",2007,71.777,71158647,8458.276384,9.7
"Uganda","Africa",1972,51.016,10190285,950.735869,3.5
"Uganda","Africa",1977,50.35,11457758,843.7331372,4.2
"Uganda","Africa",1982,49.849,12939400,682.2662268,4.8
"Uganda","Africa",1987,51.509,15283050,617.7244065,5.4
"Uganda","Africa",1992,48.825,18252190,644.1707969,5.8
"Uganda","Africa",1997,44.578,21210254,816.559081,6.3
"Uganda","Africa",2002,47.813,24739869,927.7210018,6.7
"Uganda","Africa",2007,51.542,29170398,1056.380121,7.1
"United Kingdom","Europe",1972,72.01,56079000,15895.11641,10.2
"United Kingdom","Europe",1977,72.76,56179000,17428.74846,11
"United Kingdom","Europe",1982,74.04,56339704,18232.42452,11.6
"United Kingdom","Europe",1987,75.007,56981620,21664.78767,12
"United Kingdom","Europe",1992,76.42,57866349,22705.09254,12.4
"United Kingdom","Europe",1997,77.218,58808266,26074.53136,12.7
"United Kingdom","Europe",2002,78.471,59912431,29478.99919,13
"United Kingdom","Europe",2007,79.425,60776238,33203.26128,13.3
"United States","Americas",1972,71.34,209896000,21806.03594,12.6
"United States","Americas",1977,73.38,220239000,24072.63213,13
"United States","Americas",1982,74.65,232187835,25009.55914,13.2
"United States","Americas",1987,75.02,242803533,29884.35041,13.3
"United States","Americas",1992,76.09,256894189,32003.93224,13.4
"United States","Americas",1997,76.81,272911760,35767.43303,13.5
"United States","Americas",2002,77.31,287675526,39097.09955,13.6
"United States","Americas",2007,78.242,301139947,42951.65309,13.6
"Uruguay","Americas",1972,68.673,2829526,5703.408898,6.6
"Uruguay","Americas",1977,69.481,2873520,6504.339663,7.4
"Uruguay","Americas",1982,70.805,2953997,6920.223051,8.1
"Uruguay","Americas",1987,71.918,3045153,7452.398969,8.7
"Uruguay","Americas",1992,72.752,3149262,8137.004775,9.2
"Uruguay","Americas",1997,74.223,3262838,9230.240708,9.6
"Uruguay","Americas",2002,75.307,3363085,7727.002004,10.1
"Uruguay","Americas",2007,76.384,3447496,10611.46299,10.5
"Venezuela","Americas",1972,65.712,11515649,10505.25966,5.2
"Venezuela","Americas",1977,67.456,13503563,13143.95095,5.9
"Venezuela","Americas",1982,68.557,15620766,11152.41011,6.7
"Venezuela","Americas",1987,70.19,17910182,9883.584648,7.3
"Venezuela","Americas",1992,71.15,20265563,10733.92631,7.9
"Venezuela","Americas",1997,72.146,22374398,10165.49518,8.5
"Venezuela","Americas",2002,72.766,24287670,8605.047831,9
"Venezuela","Americas",2007,73.747,26084662,11415.80569,9.5
"Vietnam","Asia",1972,50.254,44655014,699.5016441,6
"Vietnam","Asia",1977,55.764,50533506,713.5371196,6.7
"Vietnam","Asia",1982,58.816,56142181,707.2357863,7.2
"Vietnam","Asia",1987,62.82,62826491,820.7994449,7.6
"Vietnam","Asia",1992,67.662,69940728,989.0231487,7.9
"Vietnam","Asia",1997,70.672,76048996,1385.896769,8.1
"Vietnam","Asia",2002,73.017,80908147,1764.456677,8.3
"Vietnam","Asia",2007,74.249,85262356,2441.576404,8.4
"West Bank and Gaza","Asia",1972,56.532,1089572,3133.409277,6.4
"West Bank and Gaza","Asia",1977,60.765,1261091,3682.831494,7.3
"West Bank and Gaza","Asia",1982,64.406,1425876,4336.032082,8.3
"West Bank and Gaza","Asia",1987,67.046,1691210,5107.197384,9.2
"West Bank and Gaza","Asia",1992,69.718,2104779,6017.654756,9.8
"West Bank and Gaza","Asia",1997,71.096,2826046,7110.667619,10.4
"West Bank and Gaza","Asia",2002,72.37,3389578,4515.487575,10.9
"West Bank and Gaza","Asia",2007,73.422,4018332,3025.349798,11.3
"Yemen, Rep.","Asia",1972,39.848,7407075,1265.047031,1.3
"Yemen, Rep.","Asia",1977,44.175,8403990,1829.765177,1.8
"Yemen, Rep.","Asia",1982,49.113,9657618,1977.55701,2.5
"Yemen, Rep.","Asia",1987,52.922,11219340,1971.741538,3.4
"Yemen, Rep.","Asia",1992,55.599,13367997,1879.496673,4.3
"Yemen, Rep.","Asia",1997,58.02,15826497,2117.484526,5.1
"Yemen, Rep.","Asia",2002,60.308,18701257,2234.820827,5.9
"Yemen, Rep.","Asia",2007,62.698,22211743,2280.769906,6.6
"Zambia","Africa",1972,50.107,4506497,1773.498265,4.9
"Zambia","Africa",1977,51.386,5216550,1588.688299,5.6
"Zambia","Africa",1982,51.821,6100407,1408.678565,6.3
"Zambia","Africa",1987,50.821,7272406,1213.315116,6.9
"Zambia","Africa",1992,46.1,8381163,1210.884633,7.3
"Zambia","Africa",1997,40.238,9417789,1071.353818,7.6
"Zambia","Africa",2002,39.193,10595811,1071.613938,7.9
"Zambia","Africa",2007,42.384,11746035,1271.211593,8
"Zimbabwe","Africa",1972,55.635,5861135,799.3621758,5.2
"Zimbabwe","Africa",1977,57.674,6642107,685.5876821,6.1
"Zimbabwe","Africa",1982,60.363,7636524,788.8550411,6.9
"Zimbabwe","Africa",1987,62.351,9216418,706.1573059,7.7
"Zimbabwe","Africa",1992,60.377,10704340,693.4207856,8.4
"Zimbabwe","Africa",1997,46.809,11404948,792.4499603,9
"Zimbabwe","Africa",2002,39.989,11926563,672.0386227,9.6
"Zimbabwe","Africa",2007,43.487,12311143,469.7092981,10
