;Afghanistan;Albania;Algeria;Andorra;Angola;Anguilla;""Antigua and Barbuda"";Argentina;Armenia;Aruba;Australia;Austria;Azerbaijan;Bahamas;Bahrain;Bangladesh;Barbados;Belarus;Belgium;Belize;Benin;Bermuda;Bhutan;Bolivia;""Bonaire"," Saint Eustatius and Saba"";""Bosnia and Herzegovina"";Botswana;Brazil;""British Virgin Islands"";""Brunei Darussalam"";Bulgaria;""Burkina Faso"";Burundi;Cambodia;Cameroon;Canada;""Cape Verde"";""Cayman Islands"";""Central African Republic"";Chad;Chile;China;Colombia;Comoros;Congo;""Cook Islands"";""Costa Rica"";""C̫te d'Ivoire"";Croatia;Cuba;Cura̤ao;Cyprus;""Czech Republic"";""Democratic Republic of the Congo"";Denmark;Djibouti;Dominica;""Dominican Republic"";Ecuador;Egypt;""El Salvador"";""Equatorial Guinea"";Eritrea;Estonia;Ethiopia;""Faeroe Islands"";""Falkland Islands (Malvinas)"";Fiji;Finland;France;""French Guiana"";""French Polynesia"";Gabon;Gambia;Georgia;Germany;Ghana;Gibraltar;Greece;Greenland;Grenada;Guadeloupe;Guatemala;Guinea;Guinea-Bissau;Guyana;Haiti;Honduras;""Hong Kong"";Hungary;Iceland;India;Indonesia;Iran;Iraq;Ireland;Israel;Italy;Jamaica;Japan;Jordan;Kazakhstan;Kenya;Kiribati;Kuwait;Kyrgyzstan;Laos;Latvia;Lebanon;Lesotho;Liberia;Libya;Liechtenstein;Lithuania;Luxembourg;Macao;""Macedonia (Republic of)"";Madagascar;Malawi;Malaysia;Maldives;Mali;Malta;""Marshall Islands"";Martinique;Mauritania;Mauritius;Mexico;""Micronesia (Federated States of)"";Moldova;Mongolia;Montenegro;Montserrat;Morocco;Mozambique;Myanmar;Namibia;Nauru;Nepal;Netherlands;""New Caledonia"";""New Zealand"";Nicaragua;Niger;Nigeria;Niue;""North Korea"";Norway;""Occupied Palestinian Territory"";Oman;Pakistan;Palau;Panama;""Papua New Guinea"";Paraguay;Peru;Philippines;Poland;Portugal;Qatar;""Republic of South Sudan"";R̩union;Romania;""Russian Federation"";Rwanda;""Saint Helena"";""Saint Kitts and Nevis"";""Saint Lucia"";""Saint Pierre and Miquelon"";""Saint Vincent and the Grenadines"";Samoa;""Sao Tome and Principe"";""Saudi Arabia"";Senegal;Serbia;Seychelles;""Sierra Leone"";Singapore;Slovakia;Slovenia;""Solomon Islands"";Somalia;""South Africa"";""South Korea"";Spain;""Sri Lanka"";Sudan;Suriname;Swaziland;Sweden;Switzerland;Syria;Taiwan;Tajikistan;Tanzania;Thailand;Timor-Leste;Togo;Tonga;""Trinidad and Tobago"";Tunisia;Turkey;Turkmenistan;""Turks and Caicos Islands"";Tuvalu;Uganda;Ukraine;""United Arab Emirates"";""United Kingdom"";""United States of America"";Uruguay;Uzbekistan;Vanuatu;Venezuela;Vietnam;""Wallis and Futuna Islands"";""Western Sahara"";Yemen;Zambia;Zimbabwe",,,,,,,,,,,
1960;0.41403;2.0225;6.1555;;0.5496;;0.03664;48.7752;2.4946;0.61856;88.1302;30.7959;24.0776;0.41037;0.57525;2.2119;0.17221;37.425;90.9258;0.043968;0.16122;0.15755;;1.0039;0.46548;5.2621;;46.8699;;0.33342;22.2771;0.043968;0.036431;0.2345;0.27114;192.7374;0.021984;0.010992;0.087936;0.05496;13.4799;780.0876;16.3964;0.010992;0.2235;;0.49098;0.46166;5.739;13.6887;8.9591;0.88669;99.0651;2.3193;29.7553;0.040304;0.010992;1.0406;1.7624;16.041;0.61922;0.021984;;10.2232;0.35174;0.058624;0.19419;0.19419;15.092;270.9968;0.021984;0.03664;0.1319;0.01832;6.5653;814.0712;1.4619;0.047632;9.3982;0.2235;0.021984;0.15755;1.3447;0.41037;0.01832;0.65952;0.28579;0.61555;2.9532;45.3347;1.2128;120.4833;21.3868;37.3618;8.2587;11.1715;6.4633;109.2678;1.4693;232.5907;0.74379;112.1854;2.4256;;7.797;4.8023;0.080608;6.0551;2.5795;;0.16488;0.6925;;9.4822;11.5086;0.051296;3.7675;0.39938;0.43853;4.2026;;0.12091;0.34075;;0.16854;0.03664;0.17954;63.0648;;8.9783;1.2934;0.67008;;3.6384;1.8833;2.715;;;0.080608;73.4449;0.86104;11.5343;0.53128;0.029312;3.4039;;23.7977;13.0915;;;11.9311;;0.99661;0.17954;0.30411;8.1671;8.3283;199.6037;8.2184;0.17587;0.11328;0.07328;53.4065;889.9131;0.069825;;;0.014656;0.03664;0.010992;0.014656;0.010992;2.6747;0.82806;15.183;;0.71448;1.3923;31.6774;4.3622;0.010992;0.084272;97.8544;12.5419;48.8888;2.257;1.2461;0.43235;0.032976;49.1819;19.5071;3.2207;11.8787;3.132;0.82806;3.7116;;0.065952;0.010992;2.5795;1.7257;16.8068;14.1401;;;0.42136;270.1115;0.010992;583.8218;2888.3312;4.3162;47.8664;;57.0228;7.4856;;;3.631;4.3561;5.9446,,,,,,,,,,,,
1961;0.49098;2.279;6.0603;;0.45434;;0.047632;51.1384;2.5726;0.64555;90.5155;31.8365;24.8305;0.54594;1.7697;2.2905;0.19419;38.5951;92.7175;0.03664;0.12824;0.17587;;1.0406;0.48579;5.5156;;49.1636;;0.30411;25.9521;0.0916;0.047737;0.28579;0.28213;194.0235;0.021984;0.010992;0.087936;0.051296;14.4618;551.6152;18.2028;0.010992;0.26747;;0.49098;0.55326;6.0155;12.1718;9.35;0.8647;107.5216;2.356;31.7083;0.043968;0.010992;1.0296;1.6451;17.0742;0.58258;0.021984;;10.5429;0.34075;0.11358;0.15389;0.16854;14.9271;280.9812;0.021984;0.058624;0.16488;0.021984;6.7706;834.9706;1.3447;0.051296;9.8159;0.29312;0.01832;0.17587;1.407;0.61555;0.029312;0.73646;0.29678;0.73646;3.3709;48.9364;1.0919;130.2955;26.0034;36.5118;8.713;12.355;7.0642;124.4478;2.1288;282.8864;0.97829;115.6931;2.3999;0.007328;9.9734;4.9525;0.11358;6.2444;2.682;;0.16122;1.1945;;9.7787;11.5819;0.069616;3.949;0.35541;0.37345;4.6863;;0.11725;0.29312;;0.17221;0.047632;0.18686;65.2522;;9.259;1.3923;0.70236;;3.7739;2.6308;2.5904;;;0.080608;75.8265;0.88669;11.7578;0.56059;0.05496;4.111;;26.4358;13.3406;;;12.3546;;1.1029;0.20152;0.36274;8.636;8.7167;207.2652;9.0831;0.16122;0.11542;0.084272;55.7294;917.7381;0.091495;;;0.01832;0.047632;0.010992;0.01832;0.010992;3.5687;0.81341;15.9144;;0.28946;2.0921;34.3815;4.5724;0.014656;0.087936;102.1303;14.4508;53.6336;2.334;1.2696;0.42869;0.003664;48.8118;20.3718;3.0631;12.5345;3.2299;0.70349;4.144;;0.0916;0.010992;4.5983;1.766;17.349;14.5823;;;0.4067;278.5572;0.010992;588.4567;2878.1489;4.1183;49.363;;51.8859;7.9802;;;2.6637;3.7096;5.0623,,,,,,,,,,,,
1962;0.68883;2.4622;5.6645;;1.1798;;0.10259;53.652;2.7;0.70894;94.8353;33.8773;26.0607;0.72547;1.5902;2.5168;0.26014;40.5074;98.0376;0.069616;0.13557;0.15755;;1.0992;0.53349;5.66;;53.652;0.003664;0.37006;30.7116;0.084272;0.043968;0.30778;0.28946;207.016;0.01832;0.010992;0.07328;0.084272;16.7115;439.9988;19.4265;0.010992;0.23816;;0.5496;0.58624;6.173;14.1577;10.2681;0.90501;114.5816;2.1728;36.8965;0.047632;0.010992;1.2421;1.5645;18.5801;0.64853;0.021984;;11.0652;0.39571;0.11725;0.047632;0.23083;16.7958;298.4621;0.021984;0.047632;0.087936;0.025648;7.1061;883.3061;1.4326;0.05496;10.1566;0.26381;0.025648;0.18686;1.3813;0.65952;0.040304;0.67784;0.30411;0.69982;3.6823;50.5192;1.1981;143.3503;22.9769;37.4314;9.0244;13.1098;7.9362;146.3365;2.1178;292.9808;1.0479;121.4252;2.6234;0.010992;14.2786;5.1979;0.1319;6.5538;2.8543;;0.25282;1.0479;;10.2632;11.5416;0.095264;4.0523;0.39571;0.36073;4.7779;;0.13923;0.32976;;0.17221;0.062288;0.25282;63.7573;;9.7178;1.9712;0.72075;0.003664;3.0778;1.9859;2.8799;;;0.087936;83.29;0.56426;11.2008;0.65952;0.065952;4.177;;30.697;14.0661;;;13.5755;;1.1908;0.19786;0.39205;9.9624;10.3398;216.6377;9.2956;0.19053;0.12366;0.0916;63.8269;963.2084;0.084272;;;0.01832;0.032976;0.010992;0.01832;0.010992;6.2508;0.81341;16.3311;;0.3261;2.5758;36.639;4.6921;0.014656;0.10626;105.6808;17.2648;60.0053;2.5611;1.3603;0.49464;;51.285;24.1348;3.2023;14.1724;3.3899;0.76578;5.0307;;0.087936;0.010992;7.2327;1.7954;21.6139;15.3047;;;0.42869;292.3586;0.01832;592.8755;2984.764;4.0084;51.8088;0.040304;54.0623;9.3395;;;3.8838;3.5833;4.8899,,,,,,,,,,,,
1963;0.70715;2.0812;5.4227;;1.1505;;0.084272;50.0429;2.8956;0.67909;100.9469;36.9624;27.9484;0.70715;1.1945;2.8933;0.19053;43.4415;105.6954;0.062288;0.12091;0.15022;;1.2128;0.51103;6.2966;;55.5719;0.003664;0.35541;34.383;0.087936;0.047632;0.38838;0.30045;210.9365;0.014656;0.010992;0.07328;0.0916;17.3417;436.3384;21.2402;0.010992;0.2345;;0.6009;0.62288;6.8672;13.0292;9.8357;0.98562;120.5311;2.2937;40.6741;0.065952;0.014656;1.2494;1.7954;21.537;1.1248;0.025648;;11.8667;0.42136;0.12458;0.047632;0.24182;19.3423;333.7464;0.025648;0.065952;0.07328;0.029312;7.6208;945.6381;1.7221;0.05496;12.2488;0.32976;0.014656;0.20518;1.5206;0.69616;0.047632;0.61555;0.24915;0.71082;4.2466;56.2351;1.3044;153.9576;22.7644;41.3079;9.3872;13.4505;8.2037;164.6455;2.3963;324.9565;1.2201;130.2207;2.8543;0.01832;17.012;5.5744;0.14656;7.0286;3.0265;;0.35541;1.4619;;11.0066;11.439;0.10626;4.5081;0.46166;0.34682;5.8294;;0.17587;0.41037;;0.20885;0.087936;0.20885;66.3074;;10.4217;1.6012;0.80181;0.003664;3.9571;1.6598;2.6344;;;0.098928;91.153;0.61922;12.2194;0.84272;0.087936;5.3458;;32.8368;14.9711;;;15.6062;;1.1835;0.25648;0.41037;10.2262;11.4756;231.0299;10.0174;6.1335;0.13984;0.11358;69.4731;1032.9783;0.084272;;;0.021984;0.03664;0.014656;0.021984;0.007328;6.9396;0.86104;18.1677;0.007328;0.37006;3.3965;38.5414;5.2198;0.014656;0.10259;109.7368;21.0863;58.7742;2.5318;1.5383;0.53128;;55.3264;29.0812;3.609;15.1177;3.6355;0.80242;5.5656;;0.10626;0.010992;1.308;1.9456;22.6508;16.4133;;;0.43235;313.5355;0.021984;603.3289;3116.679;4.3162;55.5615;0.032976;56.1581;9.1124;;;2.9165;3.445;4.7013,,,,,,,,,,,,
1964;0.83906;2.0152;5.6462;;1.2238;;0.0916;55.6818;3.0795;0.66028;108.8904;38.9117;29.7232;1.0845;1.5975;2.9747;0.17954;46.2001;103.5776;0.084272;0.1429;0.20152;;1.4803;0.49687;7.1337;;56.6894;0.007328;0.34075;42.8285;0.10992;0.047632;0.34075;0.33709;237.6067;0.029312;0.010992;0.07328;0.098928;17.5103;436.5656;21.6909;0.010992;0.26747;;0.67418;0.76211;7.7802;14.2823;9.5633;1.0003;125.4396;1.9749;43.1546;0.084272;0.014656;1.7477;2.1434;25.5014;1.2311;0.025648;;12.6203;0.4067;0.12091;0.010992;0.42502;22.834;345.0206;0.029312;0.065952;0.19053;0.029312;8.1047;969.0767;1.6488;0.05496;13.2124;0.3151;0.021984;0.21618;1.7697;0.69982;0.058624;0.64853;0.30045;0.72181;4.2209;62.3503;1.308;150.5244;22.376;47.5221;9.0684;14.22;9.1417;175.8134;4.0634;359.0244;1.2421;138.4899;2.8249;0.01832;25.3146;5.9284;0.17221;7.4749;3.2646;;0.48365;0.66318;;11.7056;12.2964;0.12824;5.1074;0.48365;0.32976;7.4013;;0.17587;0.4983;;0.2345;0.11725;0.30778;74.218;;11.0835;2.0445;0.90841;0.007328;4.4188;2.1398;2.8579;;0.029312;0.15022;96.7882;1.0992;13.0951;0.94898;0.095264;7.2694;;35.6287;16.1766;;0.010992;16.0452;;1.2421;0.26747;0.43235;12.2561;12.8277;242.9159;11.014;6.2691;0.1548;0.12458;72.0562;1098.574;0.03664;;;0.021984;0.047632;0.01832;0.025648;0.010992;7.0422;0.92333;20.5832;0.007328;0.30411;3.7006;40.111;5.9138;0.01832;0.13557;119.56;22.2002;64.3582;2.2717;1.7028;0.60456;0.010992;60.3827;28.1432;4.3638;16.9167;3.8663;1.0332;7.4746;;0.1319;0.010992;3.7922;2.7553;26.3148;17.4556;;;0.49098;333.4455;0.01832;607.8576;3253.3316;4.5544;59.0898;0.062288;56.5575;11.7908;;;3.631;3.2756;4.4701,,,,,,,,,,,,
1965;1.0076;2.1728;6.5915;;1.1871;;0.15022;58.8182;3.2668;0.59239;120.868;38.1569;31.5307;1.3154;1.2274;3.1214;0.20518;49.0096;105.3547;0.084272;0.15022;0.17954;;1.5096;0.44578;7.3399;;56.3523;0.007328;0.33342;46.28;0.10259;0.03664;0.40304;0.31144;251.9476;0.025648;0.010992;0.087936;0.10626;17.7521;475.5835;22.867;0.014656;0.24549;;0.84638;1.1725;8.005;14.5974;8.58;1.1505;122.2274;2.4695;44.3014;0.12091;0.014656;1.5462;2.2753;27.6192;1.0406;0.029312;;13.3877;0.64486;0.13557;0.010992;0.34442;25.3072;351.5645;0.03664;0.084272;0.21618;0.029312;8.5976;960.2648;1.7038;0.047632;17.012;0.34442;0.021984;0.20518;1.9749;0.69616;0.065952;1.0772;0.30411;0.75112;4.8035;61.2438;1.396;165.8363;24.6697;53.7216;19.2983;13.7217;12.9339;189.612;2.9898;386.6033;1.4216;146.9116;2.4659;0.010992;35.3906;6.2889;0.17954;7.9294;3.3159;;0.55693;1.0149;;12.4174;12.1938;0.1319;5.255;0.55693;0.34808;8.3832;;0.19786;0.47266;;0.24549;0.16122;0.30411;75.1853;;11.7575;1.9566;0.93466;0.003664;4.2576;2.0042;2.726;;0.032976;0.17954;100.4156;1.2311;13.6887;0.78043;0.0916;11.7541;;44.2318;16.3964;;0.025648;16.8364;;1.5279;0.30411;0.5496;11.9556;13.9708;247.0196;11.5892;6.2874;0.20213;0.15022;78.6588;1165.3794;0.047632;;;0.025648;0.040304;0.014656;0.029312;0.010992;4.2173;1.6928;21.1779;0.007328;0.28213;2.5282;39.0838;6.0847;0.025648;0.1319;128.1557;24.9848;71.0596;2.6564;2.2234;0.79509;0.080608;62.5775;30.3452;3.675;17.8547;4.1014;1.1615;7.4452;;0.1319;0.010992;5.1919;2.4622;27.3664;18.5171;;;0.62654;353.7226;0.021984;622.1106;3388.1484;5.518;62.6831;0.047632;60.7381;13.1538;;;3.9278;3.9132;5.2102,,,,,,,,,,,,
1966;1.0919;2.5501;8.4235;;1.5535;;0.34808;63.0868;3.4499;0.55394;120.2342;39.2268;33.2981;1.0919;0.64853;3.1764;0.26747;51.7568;105.1202;0.080608;0.11358;0.20152;;1.6891;0.41685;7.2732;;64.2519;0.010992;0.49098;48.7275;0.10259;0.047632;0.46899;0.34442;259.1071;0.021984;0.01832;0.084272;0.084272;18.778;522.3618;23.4826;0.01832;0.30778;;0.99294;1.2934;7.9323;15.1726;8.0232;1.2421;121.5389;2.4036;50.0869;0.13923;0.014656;1.6708;2.4182;26.542;1.3044;0.025648;;14.1382;0.8244;0.13923;0.010992;0.32243;29.4952;346.9515;0.043968;0.12091;0.38106;0.032976;9.0795;951.5884;1.44;0.05496;18.6351;0.38838;0.029312;0.25282;1.7404;0.71814;0.065952;1.1798;0.30411;0.80608;5.1626;61.6834;1.4949;171.6254;23.3763;64.109;27.6815;15.0993;13.5861;214.0729;3.5174;419.3998;1.5828;155.1467;2.682;0.010992;35.1231;6.6414;0.2345;8.3739;3.6274;;0.61189;2.6271;;13.1134;11.6112;0.15022;5.2073;0.57891;0.42869;9.8378;;0.19053;0.41403;;0.27114;0.17954;0.2748;80.8645;;12.4165;1.9529;0.92617;0.007328;5.463;2.1251;2.8066;;0.032976;0.19053;103.5703;1.5096;14.0038;0.95997;0.13557;12.8973;;47.61;19.5474;;0.029312;17.1332;;1.6561;0.34075;0.51296;13.2454;16.1106;252.4716;11.842;6.2728;0.22015;0.17954;84.1144;1230.7047;0.043968;;;0.029312;0.043968;0.01832;0.025648;0.010992;6.4083;1.7184;20.9855;0.007328;0.30045;0.67418;38.8637;6.0294;0.025648;0.13923;128.251;29.9898;77.6658;2.6601;2.4216;1.0955;0.20152;72.5325;31.5031;4.9134;19.4742;4.3313;1.3703;9.4714;;0.17954;0.010992;4.0524;2.8836;31.5214;19.5551;;;0.7328;373.5506;0.025648;618.0582;3558.9641;5.4007;66.1968;0.076944;56.9825;19.1847;;;3.4625;3.4991;6.0419,,,,,,,,,,,,
1967;1.2824;2.6784;8.4345;;0.99294;;0.56426;65.4903;3.6074;0.68236;129.1597;39.9339;34.8181;1.7038;1.0039;3.3712;0.33709;54.1194;107.3845;0.12091;0.1429;0.21251;;1.8906;0.51349;7.3465;;66.1389;0.003664;0.43968;55.1212;0.10259;0.047632;0.4177;0.458;281.6663;0.01832;0.014656;0.0916;0.11725;19.2433;432.8796;24.6954;0.01832;0.32243;;0.8757;1.4876;8.0122;15.7369;9.8831;1.363;121.2863;2.29;49.0353;0.087936;0.021984;1.5682;2.5904;19.661;1.1578;0.025648;;14.7836;1.0736;0.16854;0.01832;0.35541;28.5939;371.7055;0.069616;0.13923;1.0113;0.032976;9.494;936.3865;1.4949;0.062288;19.5181;0.4177;0.03664;0.28946;1.9822;0.72547;0.047632;1.3227;0.26014;0.8757;6.0529;58.7816;1.4436;172.0981;24.5415;67.8866;18.3786;16.4001;13.5312;234.2359;3.8655;489.4811;1.4143;162.2289;2.7004;0.021984;25.4208;6.9446;0.31877;8.7562;3.5687;;0.61189;18.4922;;13.712;11.3511;0.16488;5.2598;0.84272;0.3664;10.131;;0.2235;0.52029;;0.29678;0.19786;0.4983;90.0281;;12.9833;2.1508;0.9355;0.007328;5.4117;1.8723;3.6164;;0.047632;0.21251;106.6957;1.4729;13.6301;1.0809;0.1319;12.8277;;52.4025;19.3129;;0.13557;18.1841;;1.6964;0.43602;0.48731;13.6447;18.2174;259.0704;12.399;6.6831;0.26533;0.21251;92.0543;1286.8842;0.040304;;;0.032976;0.051296;0.01832;0.025648;0.010992;25.4868;0.69982;21.197;0.007328;0.25282;3.0558;38.7829;6.0902;0.032976;0.22717;133.7763;35.1231;86.4484;2.9459;2.9187;1.3337;0.22717;68.9455;32.5363;4.6056;21.984;4.5291;1.7587;12.1572;;0.19786;0.014656;4.635;3.0851;33.4963;20.4477;;;0.80974;390.6025;0.916;592.0328;3692.6855;4.8804;69.2186;0.084272;65.7615;22.966;;;3.0521;4.7888;5.2945,,,,,,,,,,,,
1968;1.2238;3.0704;9.0537;;1.6708;;0.98928;69.0261;3.7087;0.63451;134.5128;42.3155;35.7964;1.6305;1.1029;3.8657;0.43968;55.6399;118.4608;0.10259;0.15389;0.2235;;2.1764;0.47748;7.8574;;77.358;0.014656;0.42869;59.4777;0.10259;0.05496;0.49098;0.50563;303.2913;0.029312;0.021984;0.1832;0.12458;21.2072;468.545;26.5823;0.01832;0.45067;;1.0369;1.7624;8.5694;16.0227;9.1901;1.6232;126.8943;3.3672;53.2819;0.12091;0.021984;2.3486;3.1144;22.8853;1.2604;0.029312;;15.1989;1.7257;0.1832;;0.39571;33.2874;384.317;0.084272;0.15389;1.9602;0.03664;9.7607;984.9565;1.7624;0.065952;22.3028;0.54227;0.040304;0.27846;2.1398;0.74746;0.062288;1.33;0.26381;1.2238;6.1995;61.1045;1.5938;187.1828;27.5643;82.3374;19.7013;17.807;13.7986;249.2912;3.8802;562.1052;1.5059;166.7868;2.8176;0.032976;22.4237;7.1397;0.16854;9.0022;3.697;;0.88302;30.1144;;14.0973;12.2597;0.16854;5.6255;0.91234;0.38838;10.534;;0.19786;0.63754;;0.30778;0.2345;0.63754;93.912;;13.3481;2.4805;1.0006;0.007328;5.6242;2.7773;2.9275;;0.047632;0.25282;113.4594;1.8393;13.4762;1.2311;0.16122;6.6282;;59.2799;21.123;;0.16122;20.8516;;2.0189;0.50197;0.5899;14.4911;22.2332;275.8479;12.9999;7.0752;0.25862;0.21618;100.1078;1323.0397;0.05496;0.003664;;0.03664;0.040304;0.021984;0.029312;0.014656;29.0812;;22.6711;0.007328;0.38472;5.4154;40.5761;6.5137;0.03664;0.15389;137.9716;37.2116;97.0777;3.239;2.8448;1.4509;0.27846;77.6218;35.9988;5.9577;24.1568;4.6563;1.6525;17.0852;;0.19419;0.014656;4.0377;3.5944;36.2846;21.0222;;;0.98195;401.5766;1.2421;606.4726;3828.2205;4.8804;71.1633;0.062288;65.5819;23.6035;;;11.6369;4.569;6.379,,,,,,,,,,,,
1969;0.94165;3.2426;11.2668;;2.7846;;1.2568;77.2664;3.8624;0.83041;142.1412;44.6568;37.2796;1.7441;1.2714;3.7494;0.47998;57.9454;123.5171;0.13557;0.20152;0.19786;;2.5465;0.62489;8.1467;;84.2464;0.01832;0.48731;66.3221;0.12091;0.07328;1.3447;0.57158;307.1495;0.03664;0.043968;0.18686;0.16122;22.5373;576.7649;28.0259;0.01832;0.50197;0.010992;1.1468;2.0848;8.885;17.2464;12.0274;1.6708;134.7122;3.6493;59.3531;0.084272;0.01832;2.6527;3.5907;19.6793;1.1908;0.043968;;15.8287;1.6671;0.21251;;0.43235;37.9041;412.9218;0.084272;0.16122;1.4326;0.047632;10.1652;1052.1726;1.6891;0.065952;25.4538;0.4067;0.047632;0.31144;2.279;0.74746;0.058624;1.3667;0.3151;1.1761;7.753;62.3686;1.2641;190.5683;33.3644;83.0482;22.6069;18.4995;14.8062;269.7876;4.2686;653.4231;1.7587;173.6977;3.1291;0.010992;26.8095;7.4355;0.31877;9.3752;4.3492;;1.2714;35.5225;;14.6814;13.1831;0.16854;5.8327;0.85005;0.38106;9.1417;;0.16122;0.65219;;0.32976;0.2748;0.57158;102.2036;;13.9012;2.682;1.0374;0.007328;5.8221;3.239;3.2133;;0.065952;0.39938;115.8154;1.5572;14.2603;1.2861;0.19053;12.1022;;64.0907;22.2038;;0.2345;20.2241;;2.0518;0.55693;0.52029;15.2899;22.8414;293.4131;14.601;7.1668;0.34839;0.2235;111.5578;1377.8608;0.058624;;;0.062288;0.032976;0.029312;0.029312;0.014656;35.2733;0.49098;23.5059;0.007328;1.1065;7.1998;43.076;6.7535;0.03664;0.16122;143.1635;42.4877;96.8029;4.3162;3.8322;1.5206;0.30411;86.3971;38.0653;7.2364;26.3075;4.8492;1.7954;14.5497;;0.24182;0.010992;3.9022;3.8545;38.7761;21.8933;;;1.1761;418.2162;20.5074;628.343;4021.4562;5.5913;74.112;0.043968;68.9418;27.0586;;;4.6753;4.2722;6.7454,,,,,,,,,,,,
1970;1.6708;3.7409;15.0627;;3.5797;;0.46166;82.6672;4.0625;0.92876;147.498;50.6511;39.211;2.5721;2.5904;3.8033;0.42869;60.9475;125.5176;0.12091;0.28213;0.22717;0.003664;2.4842;0.69891;10.6461;;93.6848;0.01832;8.2037;61.1888;0.1429;0.062288;1.1725;0.63754;341.2063;0.03664;0.03664;0.20885;0.12458;24.6441;770.9862;28.3813;0.029312;0.57158;0.010992;1.2494;2.4402;11.6108;18.6571;13.4519;1.7038;154.4486;2.7114;62.0498;0.13923;0.025648;3.1071;4.2796;21.6689;1.429;0.03664;;16.6488;1.6525;0.25648;0.010992;0.52029;40.3626;438.6541;0.10259;0.19419;2.0812;0.047632;10.6918;1026.2095;2.6234;0.069616;24.1458;0.38106;0.043968;0.30411;2.2973;0.79142;0.069616;1.5792;0.38472;1.3887;8.3942;69.9458;1.3887;194.9834;35.7936;91.7979;23.8893;19.3972;16.5649;296.4982;4.9904;768.1942;1.5572;182.6967;3.0814;0.021984;25.0215;7.8207;0.57158;9.8609;3.9461;;1.4509;32.3055;;15.442;13.7363;0.20518;7.6221;0.97096;0.45434;14.59;;0.20152;0.66318;;0.36274;0.42869;0.4983;113.9797;;14.6214;2.8469;1.3557;0.014656;7.2877;2.9825;4.613;;0.065952;0.22717;141.8188;2.3926;14.1833;1.4033;0.21618;21.5223;0.003664;73.4925;27.9893;;0.2345;20.5147;;2.2021;0.6925;0.74379;17.7704;24.7613;304.1926;15.2459;7.5625;0.40426;0.31877;120.0143;1449.2459;0.058624;;;0.065952;0.03664;0.029312;0.029312;0.014656;45.2541;1.308;30.7174;0.029312;0.87203;18.1954;49.387;8.8255;0.040304;0.21618;149.6414;53.7399;116.834;3.5944;4.4469;1.6085;0.3664;92.3035;40.2637;6.6538;28.7514;5.1005;1.766;15.3632;;0.2748;0.025648;8.9915;3.7409;42.605;23.0276;;;1.4436;439.8834;15.2349;652.5291;4325.363;5.7378;77.9516;0.040304;74.5001;28.1762;;;2.5098;3.7666;8.1561,,,,,,,,,,,,
1971;1.8943;4.3492;18.6534;;3.4075;;0.42502;88.8667;4.3118;0.80832;152.6496;52.1131;41.6178;6.7271;3.0375;3.6062;0.48365;64.6884;121.4286;0.1429;0.29312;0.23083;0.003664;3.0594;0.60828;11.4738;;102.5517;0.021984;7.5112;64.2482;0.15022;0.07328;0.24915;0.80974;352.3192;0.03664;0.043968;0.1832;0.15022;27.0733;875.9158;30.3013;0.029312;0.68517;0.010992;1.5279;2.704;12.5136;19.5914;11.7075;1.8833;162.0417;2.9605;57.0155;0.16122;0.025648;3.5211;4.2209;23.0282;1.5096;0.065952;;17.6707;1.8503;0.26014;0.010992;0.5496;40.5495;462.056;0.10259;0.22717;2.8433;0.05496;11.3481;1037.6558;2.2937;0.080608;27.7914;0.46899;0.047632;0.34075;2.4402;0.81341;0.07328;1.4986;0.40304;1.33;9.1527;69.224;1.4729;205.7006;38.9556;101.6394;28.8393;22.4786;16.2352;311.3337;5.7488;796.8907;1.6561;193.9105;3.6823;0.029312;27.1173;8.3008;0.42136;10.4662;5.3348;;1.5242;21.6286;;16.3899;13.1904;0.22717;8.2148;1.0259;0.50197;16.6639;0.003664;0.22717;0.65952;;0.53494;0.39938;0.39571;126.2358;;15.5188;3.0338;1.4611;0.014656;8.1964;3.6127;5.1003;;0.087936;0.19786;140.7599;2.4182;15.048;1.5059;0.23083;32.2542;0.003664;107.4724;27.1759;;2.0921;19.4514;;2.6014;0.8244;0.63387;18.5985;27.5643;312.9899;16.3927;9.1453;0.41495;0.32976;125.7265;1538.1996;0.062288;;;0.069616;0.047632;0.029312;0.03664;0.010992;59.7598;1.352;33.1058;0.032976;0.80242;16.5796;51.815;9.5117;0.047632;0.18686;168.4304;58.569;128.5771;3.195;4.5644;1.7148;0.39938;84.5212;41.9088;8.8779;31.4957;5.4135;2.4622;19.2323;;0.3151;0.01832;8.0974;4.2099;47.6943;24.441;;;1.44;466.8832;21.1669;660.3224;4353.2057;5.8038;82.7363;0.058624;62.5115;24.5085;;;1.9712;3.7886;8.735,,,,,,,,,,,,
1972;1.5316;5.6389;28.3264;;4.5031;;0.37373;90.0831;4.5374;0.78378;157.3578;56.1471;43.7953;6.4853;3.6787;3.5064;0.50197;68.073;130.7279;0.15755;0.38838;0.25282;0.003664;3.5687;0.58981;10.7541;0.021984;114.2692;0.021984;9.4531;66.1169;0.16122;0.07328;0.11725;0.86104;380.8252;0.051296;0.05496;0.16854;0.12091;28.1688;930.8136;31.4554;0.029312;0.66318;0.010992;1.7624;3.0118;11.7286;20.7822;11.3521;2.4036;163.5548;3.0191;59.595;0.19053;0.025648;4.6716;4.591;25.4904;1.6781;0.087936;;18.5952;1.407;0.2345;0.010992;0.57891;44.1256;480.3357;0.10259;0.21618;2.737;0.065952;11.9418;1042.1515;2.4219;0.07328;31.547;0.55326;0.047632;0.37739;2.7077;0.83173;0.065952;1.5609;0.39205;1.5352;9.2772;69.3742;1.4839;217.6709;43.3048;106.0288;29.5282;22.0353;16.9204;328.7011;6.2838;852.6751;1.9163;204.0563;3.8692;0.025648;27.6119;8.7351;0.48731;11.0138;5.7232;;1.5059;15.2203;;17.2474;13.4835;0.23083;7.6994;1.2861;0.54594;17.8986;0.003664;0.24549;0.83906;;0.7841;0.44701;0.68883;132.351;;16.3308;3.2793;1.3694;0.014656;8.0425;3.2976;4.8951;;0.076944;0.26747;157.6656;1.7038;16.1839;1.6048;0.25282;41.3922;0.003664;89.5262;29.4036;;2.0885;18.9136;;2.7993;1.2677;0.71448;18.1588;26.4211;329.6831;18.3347;10.7758;0.44792;0.34808;132.3144;1618.681;0.065952;;;0.076944;0.069616;0.03664;0.03664;0.010992;70.2865;1.4546;31.029;0.043968;0.67784;22.2222;52.2988;8.915;0.05496;0.2345;171.5851;60.2875;144.9075;3.5394;4.9272;1.7441;0.38106;84.7117;42.9384;7.7604;35.8962;5.6968;2.1654;21.8191;;0.39938;0.021984;8.2367;4.7339;53.8132;25.7198;;;1.3813;491.3114;23.4349;647.9564;4561.2183;6.0712;87.0652;0.062288;62.5262;23.0392;;;1.4949;4.0634;8.2184,,,,,,,,,,,,
1973;1.6378;5.2872;38.2815;;4.8768;;0.32976;93.9889;4.73;0.86946;170.8523;60.1152;45.6534;7.8666;5.518;4.5507;0.47998;70.9612;138.7593;0.14656;0.38106;0.42502;0.003664;3.4552;0.65429;12.8467;0.051296;132.3547;0.025648;9.9734;68.7696;0.16854;0.07328;0.12824;0.89768;381.3088;0.062288;0.058624;0.16122;0.16122;27.6302;967.7503;33.6722;0.029312;1.2201;0.010992;2.0445;3.206;14.0109;22.3797;12.5931;2.4988;164.2488;3.1913;59.2176;0.17954;0.025648;5.9613;5.2578;23.7757;1.9676;0.029312;;19.3842;1.7514;0.25282;0.014656;0.63021;49.3468;516.177;0.11725;0.20885;5.3091;0.062288;12.4485;1086.6142;2.4732;0.084272;37.2262;0.55693;0.05496;0.4067;2.9349;0.80242;0.10992;1.8027;0.42136;1.5096;9.2882;73.0089;1.7514;224.1599;49.0939;129.4894;30.62;22.8414;19.2946;354.0303;8.2916;914.9997;2.2021;212.714;3.9168;0.03664;24.2227;9.1057;0.51662;11.4811;7.1668;;1.4803;14.5754;;17.9792;14.1577;0.2235;9.1977;1.0736;0.57158;17.4993;0.003664;0.26747;0.80608;;0.94898;0.46899;0.67784;144.1747;;17.0237;3.4771;1.6359;0.014656;9.6327;3.5614;4.1073;;0.084272;0.42136;165.5102;2.5978;18.1881;1.8283;0.32976;49.5373;0.003664;97.3488;30.4991;;2.1105;20.0201;;3.239;1.3447;0.86837;19.7416;31.5177;335.8532;19.9871;12.4576;0.45189;0.38472;144.8416;1687.3583;0.069616;;;0.080608;0.040304;0.040304;0.03664;0.014656;95.0588;1.5499;37.0669;0.047632;0.53861;21.2036;52.5207;10.6498;0.065952;0.26381;173.3915;73.0345;155.24;3.686;4.9708;2.1068;0.37006;87.2948;46.225;7.8886;40.271;5.9385;3.184;24.4352;;0.40304;0.025648;9.3908;4.8255;59.4374;26.811;;;1.1798;512.1567;30.6054;659.4944;4766.2924;5.7708;90.7592;0.05496;66.4466;25.0764;;;2.7297;4.5873;9.2736,,,,,,,,,,,,
1974;1.9163;4.3418;31.8805;;4.8695;;0.42869;95.4912;4.911;0.78808;172.2153;57.4222;47.401;7.383;5.4007;4.6569;0.49098;73.6775;135.11;0.15389;0.4067;0.44334;0.003664;3.5138;0.59304;12.9029;0.087936;143.3393;0.025648;8.178;71.2025;0.20518;0.0916;0.07328;0.97462;389.6517;0.065952;0.05496;0.11358;0.15022;25.9338;987.2062;36.4495;0.029312;1.6232;0.010992;1.9053;3.5577;14.0722;22.8927;11.4143;1.9236;166.1811;3.3672;55.0333;0.19419;0.029312;6.412;6.0859;26.1023;1.9712;0.051296;;20.1262;1.7367;0.30045;0.014656;0.67051;46.6427;498.6631;0.10259;0.21618;5.4484;0.062288;12.925;1063.7288;2.9349;0.076944;36.1893;0.55693;0.03664;0.38472;3.0668;0.83906;0.10259;1.5535;0.47266;1.5572;10.6696;74.0421;1.7404;231.803;51.2191;143.7937;30.9168;23.2847;19.4302;359.1123;7.5955;915.1243;2.2277;220.8563;4.9464;0.032976;19.3129;9.4542;0.29312;11.9206;7.2254;;1.7221;9.3395;;18.6674;14.3995;0.26747;9.2379;1.1871;0.5496;19.0345;0.003664;0.30411;0.74379;;1.0406;0.48365;0.6925;154.8809;;17.6753;3.7483;1.6431;0.014656;11.1276;3.1474;4.6716;;0.098928;0.42502;160.3147;2.781;18.7414;1.9492;0.28946;62.2404;0.003664;101.6357;27.6742;;2.334;21.4014;;3.0191;1.5865;0.95264;21.3428;30.5065;346.5924;20.6979;10.479;0.47327;0.42502;150.8212;1751.947;0.07328;;;0.07328;0.043968;0.032976;0.032976;0.01832;98.7082;1.8503;37.2291;0.05496;0.52029;21.951;53.1386;10.6964;0.065952;0.32976;176.5901;75.625;173.0104;2.9312;5.2059;1.6012;0.31144;79.8239;41.4472;9.6583;39.3367;6.1658;2.3047;24.2264;;0.37739;0.021984;10.043;5.3934;61.0862;27.8373;;;1.1945;531.761;31.3016;617.1019;4594.7256;5.6792;94.2332;0.062288;75.0717;19.0675;;;2.246;4.1989;9.0501,,,,,,,,,,,,
1975;2.1251;4.591;32.005;;4.4115;;0.70715;94.8536;5.1631;0.57071;175.7401;54.3481;49.8346;8.2477;5.7488;4.8658;0.56792;77.4602;122.0002;0.17587;0.44334;0.458;0.003664;4.056;0.42947;13.4634;0.18686;151.0411;0.025648;7.0752;73.0015;0.21984;0.076944;0.07328;1.1615;396.8185;0.076944;0.05496;0.10259;0.1832;22.9953;1144.6702;35.8669;0.032976;1.0992;0.014656;2.0372;3.9864;14.6835;27.044;8.266;1.9786;173.9046;3.2353;55.7331;0.19786;0.029312;6.3351;7.3573;31.0744;2.1068;0.062288;;21.1595;1.2091;0.34808;0.014656;0.62288;46.0638;446.5537;0.11725;0.21251;5.3641;0.098928;13.5886;1003.6026;2.7443;0.087936;38.8421;0.50563;0.047632;0.40304;3.5211;0.84272;0.11358;1.8247;0.48365;1.6671;11.0103;75.3282;1.6158;251.9953;53.9194;139.2357;33.1299;22.0353;19.6317;342.0307;8.1817;869.3609;2.4915;232.1953;4.972;0.032976;16.8141;9.9396;0.25282;12.5326;6.4267;;1.4839;11.5709;;19.6258;11.8347;0.29678;9.6392;1.6928;0.57891;19.4302;0.007328;0.34075;0.66685;;0.90134;0.5093;0.5899;164.3377;;18.5828;4.0634;1.7144;0.010992;11.1019;2.8836;4.5837;;0.10259;0.35174;152.8951;2.5282;18.2467;1.9273;0.33342;47.3572;0.003664;107.652;29.6491;;7.2511;23.2004;;3.6603;1.5316;0.83906;21.9474;32.4997;375.2522;21.3391;10.948;0.35297;0.48365;162.1247;1841.8942;0.17587;;;0.076944;0.032976;0.032976;0.058624;0.01832;83.2681;2.5795;38.8463;0.058624;0.52395;24.5232;55.6083;11.161;0.058624;0.50197;185.0503;81.7622;181.4962;2.8946;3.8826;2.0189;0.33709;80.7582;39.0656;11.1752;43.4844;6.4824;2.2827;24.3876;;0.31144;0.032976;9.6143;5.5436;65.6442;29.2665;;;1.1322;559.0623;31.0451;603.1494;4402.7247;5.965;99.0713;0.05496;63.7646;21.7825;;;2.1691;4.078;8.3136,,,,,,,,,,,,
1976;1.9859;4.9464;39.1388;;3.2829;;0.40304;99.7048;5.3623;1.2191;174.1023;58.3675;51.7571;6.4596;6.5696;5.5656;0.53128;80.4484;129.9035;0.17587;0.26014;0.46899;0.003664;4.5763;0.91741;13.896;0.59357;155.0275;0.025648;6.02;73.0565;0.20885;0.087936;0.07328;1.0919;398.9913;0.07328;0.065952;0.12824;0.1832;24.0835;1195.2151;38.058;0.040304;1.2348;0.014656;2.0848;3.9608;15.1553;27.2015;17.6575;2.4622;180.7037;3.4112;60.0859;0.19786;0.029312;6.3277;8.1048;34.4672;2.2094;0.062288;;21.9758;1.1761;0.32976;0.014656;0.48365;51.2374;505.1887;0.2748;0.26381;5.7048;0.098928;14.1128;1092.2714;2.4329;0.076944;42.8761;0.21984;0.047632;0.49464;3.3086;0.88669;0.095264;1.7514;0.67418;1.777;12.4979;79.9485;1.7038;263.5698;61.7604;156.5151;48.7605;22.2771;19.5951;367.0119;7.2767;908.159;2.9495;241.1529;4.6056;0.032976;18.4592;10.3231;0.2235;13.016;6.1225;;1.4766;17.9023;;20.3829;11.8311;0.25282;9.949;0.99294;0.58258;23.8746;0.010992;0.34075;0.76211;;0.85005;0.51662;0.61922;183.9878;;19.2997;4.4005;1.7695;0.010992;11.5379;2.5575;4.8951;;0.10259;0.28213;169.5443;2.3889;19.2213;2.224;0.33342;55.2018;0.003664;110.0995;29.2937;;8.3209;22.8194;;3.609;1.5719;1.0332;22.4237;35.1011;398.7092;22.4054;10.3764;0.31266;0.63021;174.6226;1912.9503;0.26747;;;0.084272;0.047632;0.032976;0.047632;0.029312;101.4672;1.7734;40.0946;0.080608;0.45067;30.0118;57.7824;11.5197;0.062288;0.47998;192.9572;93.2305;198.281;2.803;3.4393;1.9969;0.33342;88.2364;40.4506;13.7473;56.1398;6.7324;2.7883;28.7551;;0.32243;0.029312;15.9128;5.8441;73.6611;30.3955;;;0.98928;580.6297;39.6188;598.4228;4609.3267;5.8917;102.8932;0.043968;57.2976;13.9122;;;2.5648;4.0231;10.8601,,,,,,,,,,,,
1977;2.3889;5.7158;41.8575;;3.5321;;0.46533;100.7087;5.5451;0.63676;187.6334;56.1728;53.5217;9.7096;7.4636;5.8074;0.5899;83.1912;126.4666;0.19786;0.29678;0.45434;0.007328;4.4774;0.47917;13.5136;0.78043;162.8282;0.029312;6.39;75.9071;0.24915;0.098928;0.07328;1.5645;407.8179;0.080608;0.069616;0.12824;0.19786;23.0905;1309.2388;39.322;0.040304;0.47998;0.029312;2.6124;4.0524;14.7382;29.378;9.2227;2.6674;186.1424;3.4845;61.797;0.19786;0.025648;5.6096;7.4782;37.8345;2.2863;0.062288;;22.725;1.0479;0.4067;0.014656;0.76578;50.1785;480.464;0.34075;0.2748;6.3094;0.11358;14.594;1054.2024;3.0008;0.076944;46.9615;0.72181;0.047632;0.52395;3.8106;0.90134;0.10259;1.898;0.70715;2.0005;14.22;83.1362;1.9053;278.8231;82.3667;163.8358;43.6749;23.5485;19.8772;355.8843;7.4416;934.4482;3.162;249.3747;5.0527;0.021984;17.2061;10.675;0.23083;13.4598;5.5693;;1.4729;20.0897;;21.0778;10.9187;0.30778;9.6751;0.84638;0.63754;22.5922;0.014656;0.41403;0.80242;;0.85371;0.55693;0.6412;192.6898;;19.9576;4.9684;1.7208;0.025648;12.6921;2.7114;5.1699;;0.11358;0.33709;164.1435;2.1398;20.2839;2.8359;0.3664;50.5266;0.003664;113.7745;31.0451;;8.5005;24.3693;;3.4588;1.5792;1.1578;23.3214;36.7243;418.6816;22.7095;9.9184;0.31694;0.64853;178.2536;1978.1698;0.26747;;;0.069616;0.03664;0.032976;0.080608;0.029312;118.0797;2.2424;38.991;0.084272;0.51296;28.2861;59.5215;11.2026;0.080608;0.79875;199.7869;105.6258;195.5037;2.9165;3.4863;1.898;0.34075;85.7339;41.0515;14.6523;61.1778;6.962;2.0115;32.1333;;0.46166;0.029312;16.1619;6.7528;81.5057;31.4318;;;0.80608;600.4255;38.7541;604.2522;4738.413;5.6462;106.4012;0.051296;63.6803;15.2642;;;2.9788;3.7409;9.2919,,,,,,,,,,,,
1978;2.1581;6.4889;62.4785;;5.4081;;0.49098;102.5554;5.7359;0.54229;201.8498;57.4369;55.3626;6.6025;7.7604;6.0126;0.63021;86.0526;135.7439;0.21618;0.36274;0.42502;0.010992;5.0233;0.40808;15.1013;0.83173;176.7807;0.029312;9.5337;81.3445;0.34808;0.10259;0.051296;2.0005;415.5562;0.20885;0.0916;0.14656;0.19419;22.9293;1460.9724;41.6487;0.029312;0.32243;0.029312;2.9202;4.8145;16.4698;30.664;7.8544;2.8066;187.872;3.5358;61.0679;0.20152;0.025648;5.4447;10.4168;39.2817;2.3889;0.069616;;23.5066;1.3703;0.39938;0.014656;0.71082;51.8712;505.4451;0.32976;0.31144;7.5552;0.13923;15.0959;1081.0192;2.9678;0.069616;48.0424;0.39205;0.051296;0.52762;4.1257;0.90134;0.10259;2.0555;0.75478;2.0482;15.7405;88.1155;1.9236;282.8645;93.857;162.3372;42.2826;23.5522;21.1596;372.9292;9.1124;903.1467;3.6384;257.952;5.3201;0.021984;20.9837;11.0422;0.23083;13.9228;5.7085;;1.5059;21.2219;;21.8028;11.8384;0.41403;10.8119;1.0186;0.67051;23.2188;0.021984;0.39571;0.93432;;0.72914;0.58258;0.63021;222.4671;;20.6441;5.7781;1.923;0.025648;13.0658;2.8726;5.1516;;0.11358;0.32976;170.409;1.5425;17.9939;2.6308;0.4177;48.2549;0.003664;108.3628;34.764;;7.7897;26.117;;2.8396;1.6744;1.4583;22.442;37.4461;431.7035;22.7241;10.523;0.2864;0.71814;193.745;2046.2097;0.28946;;;0.098928;0.032976;0.03664;0.10626;0.032976;115.0386;2.6271;43.5723;0.076944;0.71082;33.1372;60.0746;12.5188;0.062288;0.55693;201.934;113.3129;200.3292;3.4478;3.1504;2.3926;0.43968;79.4685;42.1836;15.2093;71.0816;7.2014;2.2021;35.0388;;0.35541;0.03664;15.3155;7.4856;77.1932;32.5129;;;0.69982;621.0773;44.7777;604.5893;4886.86;5.7378;110.061;0.058624;68.634;15.4071;;;3.1034;3.4735;9.2882,,,,,,,,,,,,
1979;2.2387;7.5808;45.5838;;5.4997;;0.4067;110.6125;5.7836;0.56887;204.9019;61.5442;55.8233;6.925;8.1268;6.6428;0.6009;86.7687;140.1187;0.20885;0.3664;0.46166;0.021984;4.7339;0.42809;16.4257;0.94165;188.1684;0.029312;7.4343;79.0874;0.4067;0.10992;0.029312;1.8283;441.7062;0.24915;0.0916;0.10259;0.20152;24.8419;1493.6369;44.3967;0.021984;0.34808;0.025648;2.792;5.4191;17.9142;31.6863;8.2394;3.0008;183.0108;3.7519;62.9475;0.36274;0.032976;6.804;12.1572;42.9128;2.3889;0.062288;;23.7022;1.8467;0.47998;0.014656;0.83906;54.2895;528.7225;0.54594;0.28213;6.7491;0.14656;15.2216;1120.0518;2.6564;0.0916;51.252;0.57158;0.047632;0.53861;4.6899;0.94531;0.10992;1.5206;0.75478;1.9309;15.8724;86.159;1.9859;296.6484;95.0185;163.8944;52.9485;27.3664;21.002;387.1492;8.5298;954.8384;3.7922;260.0986;5.0343;0.025648;17.6532;11.1341;0.2235;14.0386;6.1519;;1.9456;26.0107;;21.9843;12.1132;0.41403;11.7601;1.1322;0.63754;27.2565;0.029312;0.42869;0.90501;;0.71082;0.60456;0.65952;240.6772;;20.8159;6.2948;2.0916;0.025648;15.9457;2.6417;5.0966;;0.11358;0.51296;187.6591;1.6415;16.4624;1.7111;0.47998;70.2316;0.003664;110.4806;34.2144;;7.7164;28.2275;;3.1913;1.7954;1.33;22.2551;38.1056;442.1276;25.0105;14.3482;0.29739;0.916;195.9141;2063.2376;0.29678;;;0.15022;0.03664;0.029312;0.095264;0.032976;138.0229;2.8982;47.3935;0.12091;0.67784;36.0941;58.5201;13.6167;0.10992;0.48731;218.7298;133.1021;203.5792;3.8252;3.2713;2.2937;0.44701;84.8582;39.879;22.5299;75.8228;7.2614;2.0702;36.706;;1.3813;0.040304;16.7115;8.7643;75.515;32.7835;;;0.67418;626.2458;36.5777;644.3657;4897.786;6.2728;110.9769;0.062288;76.508;16.2682;;;3.2207;3.6017;9.4421,,,,,,,,,,,,
1980;1.7587;5.1662;66.465;;5.3421;;0.1429;108.6486;6.0116;0.58543;220.5655;52.2633;58.0238;7.9839;7.8813;7.6321;0.67418;90.189;135.1906;0.19053;0.51662;0.43602;0.021984;4.6643;0.44055;16.1518;0.98562;186.9373;0.029312;6.8773;77.424;0.43235;0.14656;0.28579;3.9022;442.8713;0.12091;0.16122;0.10626;0.20885;25.245;1465.992;44.3197;0.047632;0.4067;0.029312;2.4622;6.2178;17.6155;31.3748;8.4793;3.206;185.1929;3.4991;60.3204;0.34808;0.03664;6.4523;13.4322;45.2028;2.1324;0.058624;;24.6366;1.821;0.42136;0.014656;0.79509;58.199;504.9505;0.37373;0.29312;6.6282;0.15755;15.8216;1102.3181;2.5575;0.087936;51.3876;0.56426;0.047632;0.62654;4.5067;0.96363;0.14656;1.788;0.75112;2.0555;16.6492;86.7892;1.865;313.7593;94.7071;120.8021;45.5215;26.2342;21.1303;388.6515;8.4455;946.7959;4.7229;270.3514;6.1922;0.029312;24.6551;11.573;0.18686;14.592;6.1738;;2.0408;26.8828;;22.8509;11.0176;0.52762;11.564;1.6158;0.71082;27.9746;0.043968;0.39205;1.0223;;0.78043;0.63021;0.5899;268.2341;;21.6364;6.8737;2.0568;0.014656;15.9311;3.206;5.5216;;0.12458;0.54227;177.3632;2.0005;17.4443;2.0262;0.57158;68.0991;0.003664;114.3461;38.0213;;6.0419;32.0417;;3.1217;1.8283;1.4912;24.1018;36.9698;464.1958;26.9634;13.0878;0.31205;0.81341;196.4564;2144.5683;0.49464;;;0.11358;0.03664;0.03664;0.098928;0.040304;169.2658;3.3489;46.6032;0.095264;0.60822;31.4078;59.2179;13.3897;0.10259;0.81341;228.2672;134.7583;214.8276;3.4075;3.4326;2.3706;0.46533;71.7008;40.5055;20.7859;83.5832;7.5476;1.8833;40.1025;;0.71814;0.040304;16.924;9.4861;75.7019;34.0758;;;0.62654;650.9317;36.8745;578.8167;4719.3456;5.8331;115.3514;0.062288;90.728;16.8068;;;3.3159;3.5284;9.629,,,,,,,,,,,,
1981;1.9822;7.3353;46.4009;;5.2762;;0.10626;101.9581;5.898;0.55762;230.1725;56.0848;56.9276;2.7993;8.5188;7.9252;0.68517;88.4851;123.9201;0.1832;0.42869;0.38838;0.025648;4.7888;0.41962;17.5781;1.0076;171.6657;0.043968;1.4693;80.2782;0.55693;0.15755;0.30045;5.3384;429.6516;0.032976;0.15389;0.13557;0.20885;24.5341;1450.3138;44.4223;0.047632;0.47266;0.065952;2.2497;4.4628;19.171;32.7232;8.0765;3.0448;183.2162;3.7739;51.7467;0.30045;0.03664;6.1628;16.6785;50.9369;1.832;0.069616;;24.1711;1.865;0.43968;0.025648;1.0809;51.4682;454.3287;0.3261;0.32976;6.5696;0.15755;15.5227;1050.8279;3.0448;0.051296;50.6804;0.52762;0.058624;0.78776;3.9644;0.98928;0.1429;1.799;0.76578;1.821;18.6754;86.5473;1.7514;338.5609;100.0785;112.8072;32.0966;26.0181;21.1962;377.7108;7.4086;928.846;5.8587;265.2437;6.5219;0.029312;25.1937;11.3543;0.15022;14.3163;6.346;;1.9383;28.788;;22.4191;9.4201;0.53494;12.5851;1.0259;0.60456;30.7996;0.047632;0.39571;1.1432;;0.78776;0.66318;0.54227;284.2971;;21.2277;6.6392;2.2384;0.01832;15.8431;2.4879;5.6352;;0.12458;0.45434;164.8214;1.3923;16.5136;2.1398;0.68517;65.9044;0.003664;114.7052;40.2967;;6.0126;34.372;;3.3379;1.9309;1.3887;24.0835;34.6358;409.7268;27.2052;12.8496;0.3032;0.7841;197.9916;2104.0516;0.6009;0.007328;0.05496;0.095264;0.040304;0.03664;0.10259;0.043968;175.348;3.2939;50.7186;0.098928;0.6925;26.8278;58.5858;14.572;0.13557;0.2748;257.1578;139.6277;207.1186;4.0304;3.3352;2.0299;0.43602;69.3742;38.8274;26.6153;75.123;7.405;2.1215;38.0177;;0.62654;0.047632;17.2464;9.8268;79.8092;33.432;;;0.52762;638.6339;36.8269;560.3612;4532.0895;5.3714;113.1721;0.051296;91.8931;17.7118;;;4.2283;3.3636;9.4275,,,,,,,,,,,,
1982;2.0995;7.3024;39.2378;;4.646;;0.29312;103.3395;6.0095;0.62347;233.9281;53.8242;58.0039;2.2607;9.8305;8.5921;0.64486;90.1581;117.4568;0.17221;0.49098;0.39571;0.032976;4.3455;0.46917;16.149;1.0992;172.0358;0.03664;2.0921;90.0575;0.57525;0.15755;0.33709;6.3387;414.4717;0.03664;0.16122;0.1429;0.20518;20.599;1578.9678;45.8769;0.047632;1.3447;0.051296;2.0848;6.1042;17.6125;34.5259;9.0302;3.0997;181.4533;3.0704;53.652;0.34808;0.040304;6.3351;19.2726;56.4769;1.766;0.07328;;24.6281;1.4803;0.458;0.021984;0.83906;43.0483;436.5363;0.36274;0.33709;6.5512;0.16122;15.8162;1018.123;3.0411;0.021984;52.1057;0.51662;0.062288;0.76211;3.6237;0.98195;0.1429;1.4033;0.8244;1.7624;19.6867;86.8002;1.5975;349.3514;105.3217;137.8946;30.5981;25.5271;24.0615;369.3788;6.2141;899.4644;6.2874;270.2588;4.6899;0.025648;21.1523;11.569;0.15755;14.587;6.1079;;0.6009;30.7373;;22.843;8.8522;0.48365;11.562;1.0149;0.59357;30.5468;0.047632;0.3664;1.3117;;0.90134;0.88302;0.50197;304.5883;;21.629;6.7564;2.0564;0.01832;17.0449;2.5392;5.5949;;0.12458;0.44334;134.2123;1.2641;18.2247;2.1141;0.74746;65.549;0.003664;117.248;41.0185;;5.7305;37.3545;;3.2903;1.9456;1.3667;23.6511;34.9692;421.8656;29.2314;12.344;0.31877;0.8647;195.6136;2143.8339;0.60822;0.003664;0.065952;0.11358;0.040304;0.040304;0.11358;0.047632;157.9624;3.0521;46.5952;0.084272;0.55326;29.726;58.0221;13.3874;0.12091;0.71814;280.5195;141.7895;209.7347;4.4957;3.5064;1.8723;0.43602;62.2404;36.5997;24.4682;75.4528;7.545;2.1654;37.8784;;0.7328;0.043968;18.4116;9.5191;86.9174;34.0641;;;0.54594;650.7088;36.8415;548.0721;4303.2251;4.8695;115.3119;0.051296;93.3294;18.3676;;;5.943;3.5174;8.8046,,,,,,,,,,,,
1983;2.5208;7.6248;52.5821;;5.1113;;0.084272;105.1275;6.0957;0.32042;224.8194;51.9409;58.8354;2.0152;8.222;8.2293;0.68517;91.4506;101.5478;0.17221;0.45434;0.45067;0.029312;4.2869;0.24113;17.3896;1.0296;166.4958;0.040304;2.704;90.292;0.59357;0.20518;0.3664;6.5842;408.3528;0.03664;0.16854;0.14656;0.20518;20.8225;1665.6654;49.409;0.047632;1.1432;0.051296;2.1031;4.8365;18.9655;30.8179;4.641;3.0961;181.742;4.0231;50.1345;0.34808;0.040304;7.9069;19.5401;57.0448;1.9016;0.062288;;24.9812;1.843;0.48731;0.021984;0.71448;41.5424;422.2577;0.38472;0.42136;5.5143;0.16122;16.0429;1014.2062;3.653;0.03664;55.4986;0.36274;0.062288;0.81341;3.1767;0.95264;0.1429;1.2458;0.89402;2.0005;20.9984;89.0645;1.5462;378.3593;104.871;149.6634;38.7175;25.6883;23.9186;361.0689;6.445;883.1156;7.3573;274.1332;4.6569;0.021984;21.592;11.7349;0.17954;14.7961;7.3133;;0.71082;30.3892;;23.1705;8.2843;0.6815;12.4502;0.65219;0.57525;37.9407;0.051296;0.4177;0.99661;;1.0259;0.93798;0.59723;278.2148;;21.9391;6.9909;2.2144;0.021984;17.7814;1.9749;5.7708;;0.12458;0.49464;138.1438;1.1542;17.9499;2.0005;0.96363;59.8808;0.003664;125.5653;37.4681;;7.5259;40.271;;3.4918;2.0079;1.4143;20.4341;35.3869;421.9939;30.1547;11.2595;0.32549;0.90134;200.3988;2174.5672;0.69616;0.003664;0.051296;0.10259;0.032976;0.047632;0.11358;0.05496;160.9192;2.6308;50.1747;0.098928;0.68883;34.9692;58.1144;14.4158;0.1429;0.93432;291.9915;150.7809;204.7004;4.8804;3.5803;1.374;0.27114;58.2503;40.0365;27.938;83.2131;7.6532;2.2167;42.4181;;0.54594;0.047632;16.2901;11.2961;90.4678;34.5524;;;0.61555;660.0371;35.3136;545.2948;4338.3262;3.8142;116.965;0.05496;93.0253;19.302;;;6.3241;3.2683;10.4534,,,,,,,,,,,,
1984;2.8286;7.819;71.045;;5.005;;0.14656;106.4355;6.1505;0.80014;236.4013;54.5057;59.365;1.854;9.2003;9.116;0.74746;92.2737;105.3363;0.17221;0.50197;0.44334;0.051296;4.0377;0.60212;18.3386;1.0442;168.6686;0.040304;1.9163;87.2948;0.46533;0.21984;0.41037;6.0529;425.2475;0.084272;0.1832;0.15022;0.21618;22.1819;1813.4235;48.94;0.047632;1.1395;0.021984;2.0005;5.4007;20.0005;32.5766;11.5891;3.1804;187.897;3.9608;50.8197;0.35174;0.043968;7.4379;21.2402;63.7866;1.6048;0.080608;;25.206;1.6635;0.4983;0.025648;0.58258;42.2203;405.0112;0.35541;0.458;5.9906;0.17221;16.1873;1035.9154;2.5795;0.032976;57.0082;0.56792;0.062288;0.8757;3.4185;0.97829;0.16122;1.4033;0.91234;1.9859;22.3284;90.7793;1.8137;387.8014;112.0928;150.5354;40.1721;25.5088;23.7244;367.349;5.1406;939.3617;8.3466;276.6004;4.3162;0.021984;28.3447;11.8405;0.1832;14.9293;7.0459;;0.69982;28.6012;;23.379;8.9218;0.60456;13.1297;0.86837;0.55693;34.6688;0.058624;0.43602;1.363;;1.4803;0.87203;0.62654;277.3978;;22.1365;6.445;2.3352;0.021984;17.7997;1.5352;6.5659;;0.12458;0.70349;144.9368;1.2055;19.28;1.8503;0.99294;69.5684;0.003664;135.11;40.4249;;8.0535;42.8212;;2.8799;2.0445;1.4949;20.676;30.9681;433.5391;29.0409;12.322;0.2919;0.99661;189.1174;2194.1384;0.63387;0.003664;0.051296;0.11358;0.03664;0.065952;0.11358;0.051296;155.5881;3.3049;52.913;0.098928;0.61555;33.3754;60.0826;15.2025;0.1429;0.71448;315.6902;163.7771;198.7903;3.8802;3.2109;1.5535;0.33342;57.2866;39.1425;33.0639;84.9388;7.7221;2.3669;45.9356;;0.60822;0.047632;17.5212;11.5379;95.7183;34.8634;;;0.58258;665.9775;46.3569;528.9021;4471.5309;3.4478;118.0177;0.05496;93.1425;17.5359;;;7.1668;2.8176;9.9148,,,,,,,,,,,,
1985;3.5064;7.8739;72.7267;;4.6972;;0.24915;100.5145;6.6332;0.93653;241.0326;54.6559;64.0235;1.5096;10.1859;10.2262;0.84638;99.5146;104.3874;0.19053;0.74379;0.45067;0.062288;4.122;0.70476;18.7068;1.1578;181.1005;0.047632;2.5941;89.4676;0.47632;0.23083;0.4177;6.4706;421.7337;0.084272;0.19053;0.16122;0.17954;21.4857;1964.9446;48.3392;0.047632;1.2787;0.021984;2.2644;7.3207;20.402;32.551;13.5645;3.0997;185.365;3.6384;60.0236;0.35907;0.047632;7.2877;19.4155;63.8855;1.9859;0.065952;;27.184;1.8137;0.51662;0.029312;0.57891;49.6252;400.5521;0.3664;0.58624;6.3131;0.17221;17.4575;1046.7498;3.3232;0.043968;60.5513;0.5093;0.062288;0.89035;3.5211;0.99294;0.17221;1.418;0.94165;1.9053;22.9953;86.0344;1.6268;426.3247;121.1465;160.6371;44.6385;26.7032;24.8492;371.83;5.0417;914.648;8.5335;298.3058;3.7666;0.021984;29.1361;12.7696;0.20152;16.1008;8.0498;;0.72181;31.3932;;25.2136;9.16;0.7328;13.3932;1.0552;0.55693;36.2076;0.065952;0.4067;1.1981;;1.2091;0.65586;0.70715;288.2652;;23.8736;9.0208;2.3821;0.025648;17.851;1.1468;6.7051;;0.12458;0.67784;147.8277;1.4546;21.7861;1.9896;0.99661;69.8358;0.003664;144.7793;40.6814;;8.6544;47.1374;;2.6271;2.1251;1.5499;19.4961;28.0259;445.5351;27.3847;12.3953;0.33923;0.99294;194.1847;2366.3172;0.61555;0.003664;0.051296;0.12824;0.032976;0.065952;0.11358;0.05496;172.5121;2.6747;53.9752;0.15022;0.66318;33.39;59.2729;15.5077;0.15022;0.85738;323.9489;178.1876;201.0693;3.9535;3.7315;1.5975;0.43968;62.343;39.7947;29.6271;84.8106;8.328;2.356;48.6323;;0.5496;0.047632;20.7382;11.93;106.6297;37.5992;;;0.61922;718.2382;49.8854;559.3975;4488.88;3.2939;127.2788;0.12091;101.196;21.1486;;;8.6507;2.7517;10.2555,,,,,,,,,,,,
1986;3.14;8.0498;76.2149;;4.6569;;0.24915;104.1272;6.6513;0.17954;239.7685;54.0367;64.1983;1.4106;11.003;11.4537;0.916;99.7864;102.7899;0.20518;0.68517;0.42136;0.05496;3.7739;0.1351;19.5368;1.0662;198.7207;0.05496;2.2973;91.4534;0.47998;0.2345;0.43235;1.9932;404.7218;0.058624;0.20152;0.16122;0.18686;22.2295;2067.2764;49.061;0.043968;1.0662;0.021984;2.6051;5.9613;21.3072;33.5403;2.6004;3.5431;186.6754;3.3745;58.8548;0.37739;0.047632;8.1744;15.2642;74.5038;1.9896;0.080608;;27.2582;2.2131;0.49098;0.032976;0.60456;53.2856;385.2989;0.3664;0.60456;4.9647;0.16122;17.5052;1050.3589;3.0448;0.040304;59.082;0.3261;0.065952;0.94898;3.697;0.99661;0.1832;1.0442;0.84272;1.8467;25.6773;83.4696;1.7844;457.1976;121.6411;148.2784;47.7126;28.5023;26.6043;366.1545;4.547;914.5857;9.2736;299.1205;4.1586;0.01832;35.2916;12.8045;0.20885;16.1448;7.753;;0.72914;34.0312;;25.2825;9.0024;0.8757;13.9875;1.1395;0.55326;39.9523;0.080608;0.38106;1.4839;;1.3703;0.37373;0.79875;294.3181;;23.9389;9.6656;2.4878;0.029312;18.8659;0.98195;6.7857;;0.16122;0.70349;144.9772;1.4033;22.8744;2.2607;0.90134;73.4449;0.003664;157.3761;47.0384;;9.8672;49.4127;;2.7517;2.0628;1.6635;21.8301;29.1838;452.9986;30.4955;13.2857;0.35388;1.0772;201.9817;2372.7802;0.59723;0.003664;0.058624;0.1319;0.047632;0.065952;0.11358;0.051296;204.7113;2.6601;56.37;0.16488;0.67418;34.9985;59.6919;16.1958;0.15389;0.92333;330.5844;182.3023;190.3118;3.7006;3.8927;1.7587;0.458;61.9876;42.2606;31.3272;94.414;8.3508;2.2973;49.6619;;0.70715;0.047632;17.371;12.0546;116.7863;37.7019;;;0.70349;720.1999;47.196;568.312;4491.7855;3.1767;127.6264;0.058624;109.44;23.0722;;;8.2623;2.8872;13.1171,,,,,,,,,,,,
1987;3.1217;7.4379;84.0522;;5.8111;;0.2748;114.8481;6.9315;0.44701;255.8974;57.697;66.9029;1.4216;11.4207;11.853;0.94165;103.9903;103.0317;0.22717;0.53861;0.57158;0.10259;4.0267;0.12011;19.4139;1.2384;207.3604;0.062288;3.3159;91.5597;0.51662;0.24915;0.43602;1.843;430.9963;0.080608;0.21618;0.26014;0.19786;22.6545;2207.9008;50.446;0.047632;1.3227;0.021984;2.7553;7.6761;21.1732;33.925;2.3118;4.1183;185.2151;3.8509;58.2942;0.38838;0.047632;9.7462;15.103;74.7493;2.4476;0.098928;;28.4066;2.5795;0.4983;0.03664;0.47632;57.6091;377.1832;0.4177;0.60822;4.0194;0.17954;18.2427;1035.4317;3.2829;0.047632;63.4202;0.2345;0.07328;1.0113;3.9901;0.99294;0.19419;1.308;0.91234;2.1728;28.2494;84.3673;1.8503;488.0814;123.2716;159.4426;52.8385;30.173;27.3628;383.357;5.3788;904.9933;9.6546;311.7221;5.1699;0.021984;31.4444;13.3439;0.20885;16.825;7.9619;;0.76578;32.54;;26.3476;8.6617;0.97096;13.8995;1.2861;0.54594;40.729;0.080608;0.35907;1.854;;1.6415;3.2829;0.93066;307.1055;;24.9474;10.578;2.4722;0.029312;20.1007;0.98195;4.972;;0.15755;0.87203;152.4444;1.4583;24.0908;2.4366;1.0003;59.2945;0.003664;176.2787;40.6741;;9.4568;53.4907;;3.1987;2.334;1.8906;25.7616;32.6572;464.9726;31.5104;11.4903;0.27907;1.1725;211.9917;2472.7427;0.61555;0.003664;0.05496;0.14656;0.051296;0.076944;0.11358;0.051296;190.55;2.4512;56.0154;0.20152;0.4983;32.573;59.225;16.0939;0.16122;0.99294;328.7561;192.5029;190.7222;4.0707;3.0698;1.7587;0.43602;59.6682;40.2197;36.1967;98.2721;8.7026;2.3889;56.8983;;0.76578;0.05496;17.5066;11.7395;129.8009;39.2903;;;0.76944;750.5411;47.654;571.4008;4684.5376;3.5577;133.0032;0.047632;110.891;25.9484;;;8.6764;2.7004;15.2276,,,,,,,,,,,,
1988;2.8652;7.3207;83.88;;5.1259;;0.28579;121.3737;7.122;0.61189;260.9318;53.2965;68.7415;1.5389;12.1535;13.5348;0.94531;106.8481;100.2727;0.24915;0.55326;0.64486;0.10992;4.3052;0.11832;20.0923;1.3007;209.1924;0.065952;5.7122;87.2179;0.55326;0.22717;0.45067;2.1984;455.6807;0.07328;0.2235;0.23083;0.065952;26.9048;2367.5632;52.4025;0.051296;1.4986;0.021984;2.9385;9.1527;21.9131;35.6068;2.2773;4.1257;182.2751;4.0157;55.0626;0.34808;0.05496;9.8268;17.2574;74.4708;2.4695;0.10626;;29.1872;2.6711;0.52762;0.040304;0.55326;52.1424;371.9033;0.51662;0.57158;4.3308;0.1832;18.744;1032.266;3.4478;0.069616;67.9342;0.54594;0.095264;1.1285;4.122;1.0259;0.21618;1.4033;1.0223;2.5025;29.4586;78.2008;1.8467;527.1324;132.0542;175.9709;67.8719;29.8176;30.0265;389.4612;4.525;988.2724;9.3066;320.2887;4.7852;0.021984;32.8881;13.7107;0.20885;17.2873;7.6541;;0.81707;36.3689;;27.0717;8.9218;0.96363;14.3852;1.2897;0.54227;42.6893;0.095264;0.38472;2.0115;;1.7294;3.228;0.85371;306.816;;25.633;11.5856;2.5586;0.029312;21.1596;1.0113;4.1147;;0.15755;0.99294;146.7945;1.5059;25.3769;2.246;0.98928;70.6896;0.003664;201.7435;42.4474;;10.578;58.166;;2.9275;2.1984;2.1618;25.0874;37.6989;445.612;32.8991;11.919;0.40365;1.3447;212.6036;2540.6969;0.69616;0.007328;0.065952;0.16488;0.065952;0.065952;0.11358;0.047632;202.3884;2.7407;57.9729;0.19786;0.458;36.0757;58.2849;16.6563;0.15755;1.0076;342.7745;221.7783;198.8709;3.4881;4.4402;1.876;0.43602;57.3966;40.6777;36.9148;113.1883;8.9417;2.2863;66.9486;;0.79142;0.069616;15.8541;12.4539;126.2065;40.37;;;0.8647;771.1669;48.3282;569.9975;4888.5235;4.8035;136.6583;0.065952;116.0022;23.1638;;;9.596;3.14;16.0886,,,,,,,,,,,,
1989;2.7736;8.9768;79.9815;;5.005;;0.28579;116.9952;6.9728;0.64853;277.5443;54.0733;67.3016;1.9456;11.7285;13.4432;0.98928;104.61;107.3735;0.30045;0.63021;0.78043;0.062288;4.9904;0.22523;20.0482;1.429;213.8494;0.065952;6.3424;86.6683;0.82074;0.26747;0.45067;7.6284;462.8951;0.080608;0.25648;0.24915;0.10259;32.3604;2406.5702;53.1903;0.051296;1.5059;0.021984;2.9715;8.5151;21.865;35.7093;4.335;4.3382;176.295;4.3895;48.7459;0.38838;0.058624;10.3581;20.2509;72.1222;2.5868;0.11725;;28.5759;2.8249;0.57891;0.040304;0.63021;52.5418;390.3296;0.67051;0.54227;5.7671;0.17954;18.3514;1016.3533;3.3416;0.069616;74.1227;0.47266;0.10259;1.1871;4.2429;1.0442;0.23083;1.1835;1.0369;2.726;30.3233;76.028;1.9016;578.5346;130.8598;191.0483;73.1921;29.9935;31.7302;408.5726;6.7234;1024.7109;9.226;313.5799;5.1882;0.021984;35.8559;13.4235;0.2345;16.9252;8.0461;;0.66685;37.2922;;26.5047;9.651;1.0296;14.3537;0.93066;0.56426;49.8414;0.12458;0.4177;2.1691;;1.5206;2.8469;1.0516;361.5818;;25.096;10.5596;2.5529;0.029312;22.9;1.0406;4.4591;;0.15755;0.91234;162.9674;1.6451;25.3842;1.4766;1.0406;42.4071;0.003664;214.4612;49.3394;;10.0577;60.9067;;2.5208;2.0335;2.2424;21.8228;39.1095;423.4412;41.176;14.3152;0.31297;1.3887;213.9666;2487.4797;0.68883;0.007328;0.065952;0.16488;0.10259;0.076944;0.12091;0.047632;203.5718;3.6933;57.8457;0.2345;0.37373;41.8539;56.3727;16.6198;0.16122;0.9563;340.8289;235.6538;226.4865;3.4808;3.4426;1.854;0.43602;55.4876;39.4356;34.5369;123.2276;8.7544;2.2057;78.8273;;0.83539;0.069616;16.1289;13.2234;139.2027;39.5244;;;0.80242;755.0141;54.4434;581.246;4951.0276;4.8768;133.7959;0.062288;108.7658;17.4956;;;9.9881;2.6014;16.1729,,,,,,,,,,,,
1990;2.6124;5.5107;76.9074;0.4067;5.1113;0.051296;0.28213;112.0561;6.5377;1.6378;278.3528;62.293;63.1016;1.9492;12.4173;15.5207;1.0736;100.663;120.166;0.31144;0.70715;0.50197;0.12824;5.7525;0.2412;20.0322;2.7004;208.7161;0.065952;6.1885;78.6505;0.58258;0.20885;1.2604;1.7331;463.4968;0.095264;0.24915;0.19786;0.1429;33.2874;2440.4328;57.2903;0.062288;1.1871;0.03664;2.9532;5.0307;23.3901;33.3168;4.6424;4.621;161.6496;4.067;54.2154;0.32243;0.058624;9.2223;16.8141;75.8814;2.5098;0.065952;;37.0692;3.0155;0.71082;0.040304;0.81341;56.949;399.6464;0.63021;0.43602;4.4957;0.17587;17.2062;1052.2468;3.8142;0.1429;83.3754;0.55326;0.10626;1.2824;5.082;1.0039;0.17221;1.1322;0.99294;2.5904;27.3115;73.4479;2.1483;618.6481;149.4436;210.2916;47.654;32.8407;36.2663;434.9678;7.5259;1157.1645;10.3948;274.8709;5.8184;0.021984;50.9589;12.5858;0.21251;19.7805;8.2074;1.4729;0.47266;36.7499;0.19878;35.8071;11.812;1.0332;14.3422;0.94898;0.74746;56.5465;0.17221;0.42136;2.1707;0.047632;1.6085;0.90501;1.4619;318.1671;;23.5299;9.9807;2.5509;0.029312;23.5229;1.0223;4.2722;0.040304;0.12458;0.63387;162.2713;1.5828;25.4286;2.5465;0.7328;39.1645;0.007328;123.8542;35.7044;0.86104;11.3767;68.5095;;2.7663;2.1398;2.1618;21.0533;41.7293;376.0398;45.3713;11.7651;0.43479;1.1029;170.7476;2589.8956;0.54227;0.007328;0.10626;0.16122;0.0916;0.080608;0.10259;0.047632;185.6512;3.1804;57.7996;0.15022;0.48731;44.459;61.935;15.0745;0.14656;0.7328;313.0485;246.7411;231.3097;3.8655;4.7827;1.7697;0.42502;57.5483;44.1713;37.3288;123.5867;8.2081;2.2644;90.7316;;0.7731;0.076944;17.012;13.2564;148.1948;37.0578;0.029312;0.007328;0.75845;706.2016;51.9665;595.2974;5123.0428;3.9901;125.4462;0.065952;122.0625;21.3904;;;9.5887;2.4439;15.6306,,,,,,,,,,,,
1991;2.4366;4.2832;78.9848;0.4067;5.0856;0.051296;0.26747;117.0025;6.3014;1.6818;279.8074;65.9004;60.8211;1.7807;11.8677;15.9274;1.2055;93.8737;119.7219;0.35907;0.82074;0.53861;0.18686;6.0016;0.19247;14.1694;2.6344;219.1512;0.065952;5.3055;60.0328;0.62654;0.23816;1.3044;1.1029;454.4123;0.098928;0.27114;0.20518;0.065952;31.2979;2563.4956;57.0741;0.065952;1.0039;0.03664;3.3342;4.558;17.2689;29.6857;3.7045;5.1071;146.0354;2.9605;64.8193;0.31144;0.058624;10.0357;16.4843;78.6514;3.1694;0.1429;;34.038;2.9825;0.66685;0.040304;0.67051;55.2075;424.203;0.66685;0.43235;4.5324;0.17954;16.5843;1014.122;3.9315;0.19786;83.3509;0.54594;0.10992;1.2861;5.049;1.0259;0.17587;1.1139;0.99661;2.6967;28.6158;69.7698;2.0777;657.6514;179.5836;227.2156;45.6058;33.5807;36.7243;434.8815;7.7494;1165.6346;9.7902;264.9184;4.8365;0.021984;10.1823;12.1309;0.2345;18.0144;8.4712;1.5279;0.27846;42.8285;0.20615;37.9036;12.4282;1.0919;10.1447;1.0332;0.79509;68.5351;0.15389;0.43602;2.1664;0.051296;1.3996;0.91966;1.5206;331.6873;;22.6795;12.1498;1.8043;0.029312;24.9555;1.0223;4.177;1.0552;0.12458;0.95997;170.8957;1.766;26.1166;2.0042;0.72181;42.2386;0.007328;118.688;34.0693;0.88302;11.7614;68.187;;3.2426;2.0628;2.1324;20.2766;43.8947;373.3793;46.9922;17.6898;0.40731;1.363;141.0441;2433.361;0.48731;0.007328;0.10626;0.16854;0.10259;0.076944;0.10626;0.047632;267.5489;3.4222;40.8833;0.17221;0.54594;45.2321;53.5493;13.9951;0.14656;0.70715;326.1436;261.2688;240.9179;4.1733;4.4805;2.0518;0.3261;57.7508;46.1957;42.4951;134.7766;7.9115;2.3963;99.7011;;0.84272;0.095264;17.001;15.4767;154.2202;35.7186;0.029312;0.007328;0.78043;632.7;56.9642;603.5134;5073.4935;4.5507;120.9125;0.065952;115.3464;21.4344;;;9.2003;2.4146;15.9421,,,,,,,,,,,,
1992;1.3923;2.5135;80.0731;0.4067;5.1919;0.05496;0.26381;121.2528;5.8221;1.4619;284.8401;60.4322;56.1948;1.7917;10.8931;17.7338;0.97829;87.2841;119.1301;0.35541;0.89768;0.46166;0.21618;6.6502;0.15857;15.0407;2.7773;220.5252;0.069616;5.2102;56.8211;0.63021;0.21618;1.3484;3.7849;468.7149;0.10626;0.31144;0.21618;0.084272;32.4484;2688.2548;61.9985;0.065952;1.2787;0.03664;3.7886;4.0964;16.6071;31.2686;3.052;5.483;141.5494;2.814;58.9974;0.31144;0.058624;10.9151;22.2625;81.1979;3.3159;0.15755;;24.5149;2.9642;0.64853;0.040304;0.74746;54.2629;413.728;0.70349;0.41403;4.9281;0.17954;15.3228;965.7932;3.9791;0.2345;84.9158;0.47998;0.11725;1.341;6.0126;1.0589;0.17954;1.0442;0.90867;3.0741;33.0676;62.4021;2.2039;698.516;202.4104;228.2819;59.0637;33.4167;42.7552;435.2645;7.7091;1175.7686;12.2561;240.7097;5.5363;0.025648;21.068;11.2082;0.25648;14.2467;10.3508;1.5865;0.28213;37.2299;0.20678;21.2076;12.1888;1.0809;10.7685;1.0039;0.79509;75.2366;0.23083;0.44334;2.3213;0.05496;1.5938;0.9673;1.7074;334.4243;0.098928;20.9544;11.0103;1.9153;0.029312;26.0181;1.0039;4.8841;1.1505;0.12091;1.33;170.7003;1.5828;28.1079;2.3926;0.69982;46.5768;0.007328;104.5229;34.8319;0.916;12.0692;72.7304;0.2345;4.2429;2.0518;2.5282;20.4085;48.7129;363.7201;51.2264;26.7802;0.36457;1.5389;130.6283;2013.3445;0.48731;0.007328;0.10992;0.20152;0.095264;0.084272;0.10992;0.047632;285.301;3.4771;43.3974;0.17221;0.44701;48.3868;49.0826;13.9961;0.1429;0.6815;301.4409;284.0479;249.5885;5.1809;4.0102;2.0665;0.26381;57.4768;46.0247;42.8835;145.3326;7.3097;2.323;109.6892;;0.83539;0.069616;19.1371;15.0114;160.0726;33.0016;0.032976;0.007328;0.78776;589.2269;58.0891;588.1903;5178.5833;5.1662;111.7154;0.062288;105.8859;21.46;;;9.9441;2.4549;16.9973,,,,,,,,,,,,
1993;1.3447;2.334;82.1432;0.41037;5.7708;0.065952;0.27114;117.8306;2.5538;1.5938;289.2305;60.7885;48.4124;1.7001;14.6304;17.393;1.1139;75.7718;118.0485;0.37739;1.1322;0.53861;0.1832;7.8226;0.24478;12.5932;3.195;230.5499;0.07328;4.9647;57.4627;0.62654;0.22717;1.385;3.8948;467.7165;0.10992;0.32976;0.2235;0.0916;34.5992;2876.3389;63.9698;0.069616;1.319;0.040304;3.9498;5.3421;17.0812;29.356;4.7114;5.7337;135.5701;2.5904;61.1868;0.31144;0.062288;11.7541;24.1861;93.0803;3.7922;0.098928;;19.0663;3.0265;0.58258;0.040304;0.75112;56.3314;392.9017;0.69982;0.42502;4.9867;0.18686;9.9441;955.9802;4.5434;0.23816;84.2295;0.4983;0.12091;1.374;5.6536;1.0882;0.1832;1.0442;0.66318;2.8469;34.9362;63.5341;2.3314;723.1051;218.422;237.0205;63.3103;33.6479;45.0379;428.9047;7.9985;1168.8865;12.0912;210.2865;6.3424;0.029312;33.2471;8.6141;0.25648;11.9693;11.6735;1.6341;0.3151;38.9153;0.21487;16.3527;12.3279;1.1798;10.3325;1.0296;0.89035;91.6476;0.19786;0.45434;2.6824;0.062288;1.5828;0.98195;1.7734;339.1911;0.098928;15.616;9.2772;1.6678;0.029312;28.1945;1.0772;5.3384;1.3887;0.11358;1.4656;171.2487;1.8357;27.7054;2.301;0.78043;45.1002;0.007328;96.4365;36.5316;0.93432;13.4469;77.9443;0.2345;3.9388;1.9932;2.8652;23.5962;49.442;364.1287;49.829;30.697;0.25159;1.44;122.1203;1909.729;0.49464;0.010992;0.11358;0.2235;0.07328;0.10259;0.10992;0.047632;313.5615;3.5907;37.7898;0.1832;0.44701;51.1458;46.5693;14.2928;0.1429;0.6412;320.7869;321.6882;241.1233;5.038;2.7675;2.0408;0.1319;57.4175;43.6045;45.6278;157.0464;5.1736;2.5941;124.8471;;0.8647;0.084272;17.9573;16.488;168.4611;28.2934;0.040304;0.007328;0.78043;510.3804;65.9264;573.5876;5292.6098;4.4628;116.1378;0.062288;124.2902;22.9879;;;8.6983;2.4988;16.3488,,,,,,,,,,,,
1994;1.2934;1.9236;86.3458;0.4067;3.8875;0.065952;0.26747;122.308;2.704;1.6122;293.9288;61.1911;41.9418;1.6854;14.7769;18.9539;0.74746;62.6195;124.6238;0.37373;1.2641;0.53128;0.21251;8.6287;0.23468;3.228;3.0301;241.9559;0.080608;4.6899;55.9234;0.64486;0.2345;1.4766;3.8142;482.9101;0.11358;0.36274;0.2345;0.10259;38.0726;3055.7394;67.5165;0.069616;2.1471;0.040304;5.2652;4.6826;16.3422;32.2212;4.5169;5.9773;129.1595;1.6378;65.1971;0.30411;0.065952;12.4649;13.6411;85.243;4.591;0.032976;0.8647;19.9015;2.2387;0.57525;0.040304;0.74746;61.694;391.939;0.61555;0.43968;4.3858;0.18686;6.0786;939.2097;4.9501;0.28213;86.392;0.50197;0.1429;1.418;6.8334;1.2494;0.1832;1.385;0.30045;3.3342;31.2576;61.8761;2.2755;764.1052;221.2323;265.0135;71.2758;34.7708;48.3611;421.4538;8.189;1230.2247;13.6228;175.621;6.5512;0.029312;38.875;6.2215;0.2748;10.4023;12.6921;1.6744;0.31144;44.0962;0.20096;15.7686;11.5162;1.2714;10.4607;1.2677;0.916;93.934;0.19786;0.46166;2.5681;0.065952;1.6341;1.1432;1.6232;352.4915;0.10259;12.0802;7.9399;1.6224;0.032976;29.6161;1.0626;6.2398;1.5828;0.10992;1.6964;174.6763;1.9786;27.8875;2.5392;0.7731;35.1707;0.007328;88.2951;38.4459;0.9673;15.2935;84.7703;0.2345;4.3345;2.1801;3.4295;23.2701;54.7548;359.6123;50.5697;30.1987;0.34533;1.6232;120.1043;1685.5977;0.47266;0.010992;0.12091;0.26014;0.069616;0.12091;0.11358;0.047632;307.71;3.8985;36.7616;0.20152;0.51296;61.6321;43.7404;14.6339;0.13923;0.63021;338.8907;343.7565;253.6216;5.5216;3.7987;2.0445;0.48365;59.8626;42.6693;46.6097;163.9274;2.356;2.4036;139.0451;;0.83173;0.0916;17.426;15.9274;165.2126;33.5073;0.043968;0.007328;0.70715;419.4718;73.0712;568.6394;5385.9165;4.0634;108.5753;0.062288;129.8595;26.2086;;;9.0574;2.4182;17.7814,,,,,,,,,,,,
1995;1.2421;2.0848;95.2164;0.42502;10.9664;0.065952;0.2748;127.8589;3.4075;1.6671;305.2608;64.2067;33.3058;1.6818;14.8062;22.7974;0.82806;56.2113;125.7625;0.37739;1.3264;0.53128;0.24915;9.8415;0.23224;3.4258;3.0448;258.1361;0.084272;4.7852;57.5227;0.62654;0.23816;1.5499;4.2246;495.5107;0.12091;0.36274;0.2345;0.10992;41.711;3317.5688;59.5656;0.07328;1.5645;0.040304;4.8621;6.6135;16.9928;25.6883;4.4698;5.848;129.737;2.1215;62.1488;0.30411;0.080608;15.8724;22.8231;95.6451;5.0233;0.12824;0.93432;18.2048;2.5611;0.57158;0.043968;0.76211;58.1243;397.8342;0.58258;0.42869;4.6203;0.19786;2.301;938.1501;5.2725;0.2748;86.9456;0.50197;0.15022;1.4619;7.1595;1.2897;0.1832;1.4619;0.90134;3.8765;31.4444;61.6078;2.3123;810.8982;224.7571;272.7188;74.2876;35.7932;51.0578;447.5134;9.171;1243.8489;13.5458;168.2869;7.5478;0.029312;54.7768;4.525;0.34808;9.1452;13.5678;1.7074;0.3261;45.9832;0.20405;15.0242;9.1244;1.2311;10.8308;1.2641;0.91966;121.0329;0.24915;0.46899;2.3605;0.065952;1.6378;1.0736;1.8283;332.5446;0.10626;11.1825;7.9142;1.7138;0.032976;30.3489;1.1139;6.9543;1.6305;0.10626;2.0335;172.8586;2.0738;28.1516;2.7773;0.80974;35.8119;0.007328;82.843;38.4767;0.94531;15.8834;84.4149;0.2345;2.9825;2.0592;3.9608;23.8636;60.6612;361.3052;54.5327;31.7632;0.35785;1.7624;125.4588;1629.6017;0.46166;0.010992;0.12824;0.31144;0.069616;0.12824;0.11725;0.047632;234.9687;3.4918;38.832;0.19786;0.39938;42.1397;44.7792;15.2447;0.1429;0.5899;361.9629;374.4645;267.2847;5.899;3.9364;2.0628;0.45434;59.2927;43.4234;41.6304;174.2049;2.4476;3.5504;161.0218;;0.95264;0.095264;17.0083;15.7222;181.4186;33.9726;0.047632;0.007328;0.93798;390.073;70.5833;559.7831;5450.306;4.5873;103.3504;0.065952;133.2414;29.0665;;;10.4571;2.1691;15.1177,,,,,,,,,,,,
1996;1.1761;2.0152;97.0191;0.45434;10.4497;0.069616;0.29312;134.8902;2.5611;1.6891;312.1849;67.674;31.2319;1.6671;15.6086;24.0102;0.85005;57.4604;129.2719;0.30778;1.2641;0.52762;0.30045;9.8195;0.21724;4.2539;2.7553;284.5499;0.095264;4.8658;57.9267;0.70715;0.24182;1.6158;4.4591;510.268;0.1429;0.38472;0.2345;0.12458;48.4601;3460.256;60.478;0.076944;1.7148;0.047632;4.7449;7.8336;17.5879;26.9744;4.1813;6.1561;132.2019;2.3156;75.4595;0.31144;0.07328;17.3124;24.1714;101.9471;4.5653;0.11358;1.0113;18.9267;2.8579;0.6009;0.043968;0.82074;64.0403;411.6401;0.48731;0.43235;4.7705;0.19786;4.0634;958.3706;5.6059;0.28213;89.0986;0.51662;0.15389;1.5499;6.6465;1.363;0.1832;1.5169;1.0332;3.9571;29.0995;63.1698;2.4022;881.6024;253.0835;275.8332;69.4438;37.4096;53.0547;440.6843;9.6949;1256.698;14.176;154.7101;9.3212;0.032976;50.1125;5.6902;0.47632;9.2204;13.7473;1.7367;0.33709;44.1219;0.20581;15.6785;9.1711;1.407;11.7321;1.363;0.91234;125.2722;0.28946;0.48731;2.4534;0.065952;1.6378;1.1139;1.9492;346.1344;0.10626;11.5123;8.0352;2.006;0.03664;31.1696;1.0406;7.2511;1.7477;0.10259;2.4842;182.3314;2.1947;29.3749;2.8726;0.90134;39.6335;0.007328;73.1994;41.5932;1.0369;15.092;94.37;0.2345;4.6203;2.1874;3.7483;24.3693;62.1121;375.3062;51.827;32.2725;0.36915;1.9419;128.7896;1581.3849;0.47998;0.010992;0.1319;0.3261;0.069616;0.1319;0.12458;0.047632;258.5392;3.7373;45.4538;0.2345;0.47266;49.6582;45.0819;15.9061;0.1429;0.56792;364.1027;403.4504;254.9071;7.0569;4.0606;2.0848;0.34075;63.2182;44.1529;42.7699;182.3573;2.8249;3.4588;180.1076;;1.0589;0.076944;20.5734;16.7445;197.456;30.6457;0.047632;0.007328;1.0589;351.4329;41.0258;581.7014;5636.2975;5.4374;106.0838;0.084272;122.7037;34.6395;;;10.6293;1.8686;14.9821,,,,,,,,,,,,
1997;1.0955;1.5425;87.2692;0.46533;7.3756;0.069616;0.30778;137.891;3.2316;1.7441;320.5581;67.4541;29.7847;1.363;17.3051;25.0434;0.90134;61.2067;123.7456;0.38838;1.2164;0.52395;0.39205;10.9334;0.22735;8.3869;2.7993;300.3014;0.098928;5.0563;55.135;0.80608;0.24915;1.5389;3.2133;524.6451;0.14656;0.4067;0.24549;0.1429;56.3487;3466.6716;64.8565;0.080608;2.3413;0.047632;4.983;7.5625;18.6665;24.6294;4.3757;6.287;128.84;1.898;66.0729;0.3261;0.080608;17.9866;18.3456;108.1136;5.4704;0.28946;0.8647;18.4841;3.0484;0.5899;0.047632;0.79142;62.7038;404.7245;0.46899;0.45067;4.7925;0.19786;4.4334;930.7704;6.3607;0.29312;93.8042;0.52029;0.16854;1.6048;7.5918;1.418;0.20152;1.5902;1.3667;4.155;30.6787;61.7492;2.4895;916.9343;278.431;269.0732;68.253;38.7507;55.8357;444.4628;10.1236;1254.5682;14.4068;146.2123;8.2587;0.025648;54.8757;5.6059;0.60822;8.6803;15.6343;1.7697;0.34808;44.939;0.21823;15.0895;8.523;1.4876;10.6256;1.6488;0.96363;124.7189;0.32976;0.52395;2.4558;0.065952;1.6305;1.1175;1.9969;369.4668;0.10992;7.0935;7.7017;2.1553;0.032976;31.8365;1.1248;7.4929;1.7954;0.10259;2.781;174.9857;1.8283;31.3556;3.14;0.90867;42.2936;0.007328;65.7908;41.6915;0.8647;15.4731;94.6338;0.23816;5.6426;2.5758;4.1916;27.4544;71.0999;366.5715;54.8235;37.4644;0.45128;2.2314;120.0051;1502.1682;0.4983;0.010992;0.1429;0.30778;0.047632;0.1319;0.12824;0.047632;216.0624;3.261;48.8366;0.34075;0.44334;58.3822;45.1369;16.2332;0.1429;0.53861;385.8155;429.6809;267.6408;7.6101;4.9641;2.1068;1.2018;58.1412;43.0428;40.9269;196.3281;2.1508;2.8799;185.7648;;0.98562;0.098928;18.3786;16.9313;209.8664;30.5981;0.05496;0.007328;1.1065;340.2299;41.612;556.4758;5713.3634;5.551;107.1464;0.084272;133.8789;45.0635;;;13.348;2.3889;14.3959,,,,,,,,,,,,
1998;1.0406;1.7514;106.9119;0.49098;7.3024;0.076944;0.31877;139.701;3.3599;1.7954;334.4268;67.0549;31.6496;1.6781;18.3896;24.0285;1.1395;57.6754;129.9749;0.37006;1.2128;0.52029;0.38106;10.981;0.012549;10.5853;3.3416;312.0336;0.10259;5.2652;52.467;0.86104;0.24915;1.9492;3.206;532.9212;0.15755;0.42869;0.24915;0.15022;57.5944;3321.6248;65.9227;0.087936;0.77677;0.047632;5.3128;6.9066;19.3724;24.4792;0.24153;6.5803;123.647;1.6671;61.8143;0.3151;0.076944;18.3823;22.442;122.1431;5.8074;0.16488;0.5899;16.9115;3.217;0.62288;0.03664;0.76944;59.3574;425.7044;0.61189;0.44701;4.9757;0.21251;4.9574;922.7803;6.3973;0.30778;98.6248;0.52762;0.17587;2.0702;8.746;1.5022;0.17221;1.6561;1.2311;4.646;39.0692;61.3405;2.4982;935.4558;214.0252;308.256;72.3127;40.6481;57.0485;456.1031;9.7096;1219.612;14.5314;141.1273;10.0284;0.029312;51.7027;5.9503;0.68517;8.3031;16.6346;1.8027;0.37373;45.4373;0.22911;15.9068;7.6394;1.5572;12.6152;1.7367;0.93432;114.0933;0.30045;0.76211;2.4724;0.069616;1.6268;1.1212;2.1691;388.7687;0.11725;6.2654;7.7017;2.2692;0.029312;32.0124;1.1322;8.0718;1.9053;0.098928;2.2497;176.075;1.81;29.934;3.4185;0.9563;37.8381;0.007328;59.071;41.948;1.4619;16.5466;97.5833;0.23816;5.943;2.8616;4.4994;27.7841;69.1836;337.3429;59.2972;32.3751;0.39113;2.5172;103.9323;1476.6801;0.48731;0.010992;0.15022;0.30778;0.05496;0.16122;0.1319;0.047632;207.5106;3.4258;51.4158;0.43235;0.41403;48.5773;44.1156;15.9485;0.1429;0.51296;377.4176;364.535;276.11;7.819;4.3025;2.1068;1.2128;58.7178;44.6076;50.2334;199.71;2.4952;2.5538;164.2132;;1.1652;0.087936;19.1078;17.9866;210.0428;32.0673;0.058624;0.007328;1.2641;321.0521;81.4287;560.4797;5753.8252;5.6829;119.047;0.080608;167.203;47.4744;;;12.1901;2.312;14.242,,,,,,,,,,,,
1999;0.82074;2.9825;91.9701;0.51296;9.149;0.080608;0.32976;146.8641;3.0118;1.8064;343.8504;65.7022;28.5536;1.6744;18.0049;25.2156;1.2091;55.2975;124.3916;0.34808;1.5609;0.51296;0.38472;10.4351;0.094035;10.3691;3.1584;319.9112;0.10259;3.9058;46.0343;0.93066;0.25282;1.8943;3.0778;548.6407;0.1832;0.42869;0.26381;0.16122;61.4526;3315.3411;56.4659;0.0916;0.82074;0.047632;5.518;6.2618;20.2157;25.3109;1.8099;6.8476;115.4165;1.3813;59.2313;0.3151;0.080608;18.5472;21.4784;125.2905;5.6939;0.46533;0.61922;15.7292;3.1547;0.63021;0.03664;0.7841;58.8804;416.6197;0.46533;0.49464;4.8035;0.23083;4.3418;895.3385;6.5439;0.31877;97.9417;0.53861;0.19419;1.8906;8.9218;1.5792;0.19419;1.6781;1.33;4.7376;42.6819;61.821;2.7044;994.9519;241.791;382.027;72.2248;42.3753;55.6488;460.7094;9.9697;1254.575;14.5571;115.8872;10.1639;0.029312;53.978;4.6679;0.92699;7.7118;16.477;1.8247;0.39205;44.5836;0.22643;13.426;8.091;1.5169;11.7138;1.9163;0.94165;107.8462;0.42136;0.79509;2.5815;0.065952;1.6305;1.1468;2.4256;391.2712;0.10992;4.4994;7.5478;1.5648;0.029312;33.1262;1.1871;8.9621;1.6635;0.0916;3.217;170.6771;2.0555;31.5289;3.6237;0.95264;40.2527;0.007328;64.4791;42.6997;1.3667;20.6906;100.302;0.24182;5.6645;2.4439;4.4994;29.334;69.103;327.6537;66.9109;31.3822;0.42411;2.5685;88.2002;1512.7531;0.5093;0.010992;0.16122;0.31877;0.05496;0.16488;0.13557;0.047632;226.274;3.697;35.4562;0.5093;0.3664;50.0283;43.2833;15.3237;0.15022;0.49098;374.9298;399.5372;299.8628;8.6104;4.6652;2.1251;1.2384;55.8499;44.4295;52.3292;206.9574;2.5172;2.5355;175.9819;;1.5352;0.10992;22.5263;18.3163;206.9737;37.6476;0.065952;0.007328;1.3117;292.2907;78.3107;553.1759;5834.2247;6.7198;122.9345;0.084272;172.9811;47.654;;;13.8829;1.8064;15.8212,,,,,,,,,,,,
2000;0.7731;3.0191;87.7894;0.52395;9.5337;0.087936;0.34442;142.0203;3.4625;2.3779;349.9839;66.3456;29.4842;1.6671;18.6278;27.8464;1.1871;53.9507;126.5223;0.39571;1.5975;0.51662;0.39571;11.058;0.24951;13.7766;3.7776;327.7155;0.10259;4.7082;45.1601;1.0406;0.27114;1.9749;3.4295;570;0.21618;0.46533;0.26747;0.17587;58.7669;3402.3941;57.8765;0.10259;1.0479;0.047632;5.4704;6.7857;19.7891;26.062;4.8023;7.0959;125.7882;0.81341;54.9636;0.34075;0.10259;19.7746;20.7016;141.2106;5.7378;0.45434;0.60822;15.3626;3.5468;0.68883;0.03664;0.84272;57.0256;414.6885;0.46533;0.56792;4.6899;0.24549;4.5324;899.2864;6.2838;0.33342;102.9823;0.53128;0.19053;1.9126;9.9075;1.6415;0.14656;1.6085;1.3667;5.027;40.4066;58.5447;2.7575;1031.0093;263.2034;371.9326;72.386;45.1929;60.2105;466.2406;10.2995;1275.7771;15.4951;139.7874;10.4094;0.029312;53.5164;4.6313;0.93798;7.073;15.2349;1.8503;0.42136;47.0751;0.21672;11.8061;8.6732;1.6305;12.0546;1.8723;0.86837;125.6312;0.45067;0.82074;2.4178;0.076944;1.7404;1.1725;2.6894;398.057;0.12458;3.5101;7.5002;1.7384;0.025648;33.8773;1.3484;10.0797;1.6415;0.084272;3.0668;171.6502;2.2314;32.3586;3.7593;0.69616;75.995;0.007328;69.605;42.2021;1.6598;21.8777;106.3623;0.24915;5.7855;2.6637;3.686;30.272;73.247;317.0986;65.6829;34.7017;0.46075;2.8579;92.958;1504.2925;0.52762;0.010992;0.17221;0.32976;0.05496;0.14656;0.1429;0.047632;296.6924;3.9351;39.39;0.57158;0.42502;48.9657;41.2658;15.4304;0.15022;0.47998;378.3556;447.1949;311.9337;10.2299;5.0682;2.1947;1.1871;54.7272;43.6069;50.9992;218.8617;2.235;2.6491;181.1225;;1.3593;0.095264;23.8197;19.9065;227.7186;37.5084;0.069616;0.007328;1.429;279.5137;112.4701;560.5817;6001.3559;5.3018;121.7291;0.084272;152.2978;53.6007;;;14.6304;1.821;13.9122,,,,,,,,,,,,
2001;0.81707;3.2207;84.1511;0.52395;9.7243;0.095264;0.34808;133.6114;3.5394;2.4072;357.462;70.4567;28.7477;1.5682;13.9159;32.4301;1.2201;54.0425;125.8498;0.44701;1.8137;0.52762;0.38472;8.6141;0.25407;13.3516;3.8472;337.1576;0.10626;4.5031;48.8634;0.99661;0.20518;2.2497;3.4185;562.6623;0.2345;0.46899;0.24549;0.17221;53.2965;3484.7132;56.2277;0.10259;0.76578;0.032976;5.7561;7.72;20.9431;25.4318;4.8902;6.9695;125.4865;0.83539;56.4878;0.3664;0.10992;19.8003;23.0979;125.3491;5.943;3.0924;0.63021;15.7086;4.3492;0.76211;0.043968;1.0552;62.5248;415.5214;0.5093;0.67784;4.7962;0.25282;3.7666;915.6358;6.914;0.34442;105.369;0.53861;0.19419;2.0738;10.6183;1.7184;0.15022;1.5938;1.5682;5.7085;37.9261;60.1647;2.7629;1040.3012;294.6662;398.1119;85.2723;47.5571;63.5448;472.5421;10.6073;1259.0036;15.9897;132.6027;9.3615;0.025648;57.5944;3.8912;0.87203;7.4843;16.1582;1.876;0.49098;48.0607;0.21455;12.5145;9.1661;1.6854;11.9886;1.7404;0.8647;135.5094;0.46166;0.82806;2.5999;0.080608;1.8173;1.2714;2.8616;412.6397;0.16854;3.7116;7.8776;1.8676;0.025648;37.6842;1.5792;8.7167;2.0152;0.080608;3.2646;176.8628;1.887;34.5871;3.9608;0.65586;85.6643;0.007328;72.1661;43.5397;1.3484;20.2692;108.1943;0.25282;7.0019;3.206;3.8179;27.1429;70.9937;313.547;65.3622;41.3629;0.53036;3.0375;98.4923;1542.63;0.53128;0.010992;0.17587;0.36274;0.05496;0.17954;0.14656;0.051296;296.9709;4.3272;42.3166;0.63387;0.56792;49.5006;43.5736;16.3636;0.15755;0.50197;371.7384;449.8256;313.8311;10.4351;5.834;2.3669;1.1432;55.6865;45.0698;48.7385;227.9704;2.29;3.1254;194.4412;;1.1615;0.087936;26.3332;20.8005;211.6568;38.0433;0.07328;0.007328;1.5096;301.2738;101.3316;569.9545;5902.7048;5.0856;123.3522;0.087936;172.4462;61.0899;0.014656;;16.1949;1.9053;12.5858,,,,,,,,,,,,
2002;1.0699;3.7483;89.834;0.53128;12.6555;0.095264;0.37006;124.6126;3.0411;2.4366;361.9665;72.1988;29.5905;1.5755;15.6856;33.6795;1.2274;54.0899;126.1751;0.43235;2.0775;0.55693;0.4177;10.3874;0.24495;14.2896;3.9754;331.995;0.11358;4.3748;46.1053;1.0039;0.21251;2.2057;3.4148;567.4723;0.2748;0.48731;0.24549;0.16854;55.1176;3847.1194;55.6159;0.10259;0.57525;0.029312;6.3204;7.2804;22.0311;26.0694;4.7145;7.1604;122.5378;0.92699;56.1216;0.39938;0.10259;21.3135;24.9299;127.0895;6.0346;4.9757;0.60456;15.2338;4.5177;0.72547;0.043968;0.89035;65.0446;411.771;0.458;0.70715;4.569;0.28946;3.3855;899.1628;7.4159;0.34808;105.0114;0.53861;0.20518;2.1105;11.0873;1.8027;0.15389;1.5792;1.8247;6.0859;39.6042;59.1558;2.8548;1053.3963;306.4863;401.4315;87.1885;46.0271;59.7635;474.571;10.2336;1296.0547;16.8727;150.3867;7.9619;0.040304;58.1807;4.9537;1.1505;7.5118;15.9897;1.9053;0.48731;47.7932;0.2199;12.6205;9.9424;1.5169;10.926;1.2348;0.85005;133.6334;0.59357;0.84638;2.6142;0.084272;1.7844;1.3484;2.8836;414.0503;0.1429;3.9828;8.2806;1.9966;0.03664;38.2228;1.5865;9.2003;1.7587;0.076944;2.6234;176.1175;2.4036;34.7685;4.0341;0.69982;93.6005;0.007328;69.169;42.6617;1.1542;25.4501;113.9907;0.24915;5.8661;3.4845;3.8948;27.1649;71.2795;305.7318;69.1991;40.8719;0.67601;3.0155;98.5761;1531.3255;0.53128;0.010992;0.19786;0.3261;0.058624;0.18686;0.14656;0.058624;326.14;4.5067;45.2397;0.53861;0.60822;47.1923;41.7362;16.5085;0.15755;0.58624;356.346;465.2511;333.912;11.047;7.4361;1.5645;1.1248;56.6392;43.4454;39.0326;237.647;1.8796;3.5871;208.1518;0.16122;1.2311;0.10259;28.5975;20.8445;219.9057;39.9339;0.098928;0.010992;1.5572;294.1686;84.6347;553.8492;5943.9462;4.6166;128.2437;0.084272;193.1588;70.7482;0.025648;;15.7515;1.9822;11.9556,,,,,,,,,,,,
2003;1.1945;4.2905;91.5011;0.53494;9.0574;0.10259;0.40304;134.9524;3.4258;2.5611;368.785;77.8612;30.5907;1.5169;16.455;35.6434;1.2677;55.3936;127.6592;0.43235;2.3523;0.56059;0.37739;11.0836;0.24511;14.4765;3.8252;321.3584;0.12091;4.5873;50.3355;1.0772;0.16122;2.3779;3.7922;584.9529;0.30778;0.49464;0.2345;0.38106;55.5572;4536.7025;57.3746;0.1319;0.916;0.032976;6.6208;5.4557;23.3552;25.4648;4.7177;7.5501;126.0925;0.98562;61.2751;0.42136;0.11725;21.4967;26.9451;147.8424;6.5476;6.0126;0.72547;17.0879;4.983;0.7328;0.047632;1.0479;72.6437;418.7398;0.6009;0.76944;4.6386;0.28946;3.7703;900.3788;7.6248;0.35541;109.0832;0.53128;0.21618;2.2277;10.8198;1.8796;0.19419;1.5645;1.7331;6.7637;43.3231;61.9307;2.8467;1098.698;316.533;418.0954;91.0431;45.6276;62.8376;488.2691;10.6586;1301.1029;17.4553;166.6064;6.7491;0.040304;59.8734;5.4337;1.0992;7.7068;18.1661;1.9309;0.52029;49.1269;0.2292;12.6099;10.4117;1.5316;11.2998;1.7001;0.916;158.1272;0.50563;0.84272;2.8861;0.084272;1.9969;1.3887;3.0594;439.8485;0.1429;4.2869;8.0278;2.1352;0.03664;37.5304;1.9163;9.8378;1.8723;0.065952;2.8396;179.583;2.737;36.4951;4.4078;0.75845;101.5331;0.003664;70.6932;43.9147;1.2787;32.3641;118.7979;0.25282;6.1482;3.9425;4.067;26.3588;71.3674;318.417;64.0761;41.4875;0.75539;2.9752;103.0511;1568.6424;0.52029;0.010992;0.19786;0.35907;0.065952;0.19786;0.15389;0.065952;327.0047;4.972;48.3804;0.5496;0.65219;31.1074;42.2006;16.2704;0.16122;0.59357;404.1282;465.8336;338.1124;11.0689;8.3093;1.5425;1.0406;57.2215;44.6582;54.2309;246.3637;2.0738;3.8032;224.3907;0.16122;1.4619;0.11725;31.9611;21.2292;235.2683;44.5652;0.10259;0.010992;1.5975;305.1497;106.7543;565.1464;5990.7301;4.5947;127.0382;0.084272;191.946;78.7027;0.025648;;17.2904;2.1105;10.6476,,,,,,,,,,,,
2004;0.94898;4.1623;88.438;0.56059;18.778;0.12091;0.42136;157.4604;3.642;2.6161;382.0211;78.1646;32.0637;1.7221;17.4956;37.6732;1.2934;58.9019;128.7616;0.39205;2.5062;0.58258;0.30778;11.1056;0.25717;15.5976;3.8948;337.5497;0.12458;4.994;49.4996;1.1029;0.19786;2.4439;3.9535;583.5923;0.32976;0.46166;0.2345;0.37739;59.7269;5229.2571;55.026;0.1429;0.94898;0.05496;6.925;7.6578;23.0052;24.9848;4.9498;7.7769;126.839;1.1981;55.7395;0.4067;0.11358;18.2944;29.0225;150.7883;6.3607;5.2139;0.76944;17.2861;5.2908;0.74746;0.051296;1.352;68.9576;420.9722;0.57158;0.76211;4.6826;0.29312;4.3199;886.2105;7.3427;0.38472;109.53;0.58258;0.20518;2.312;11.6112;1.9419;0.20152;1.6268;1.9859;7.361;41.6743;60.4084;2.9178;1153.3759;337.3591;446.6709;113.9907;46.1183;58.9721;492.7483;10.6622;1300.1902;19.225;174.6402;7.6175;0.043968;63.4825;5.8697;1.3923;7.7132;16.7848;1.9822;0.61555;50.3177;0.22924;13.1851;11.7855;1.7148;11.1825;1.8064;0.93066;163.6929;0.66685;0.8757;2.7589;0.087936;2.0702;1.5352;3.0888;440.9477;0.1429;4.5507;8.5444;2.3336;0.03664;43.2755;1.9199;12.4246;1.9602;0.065952;2.6674;181.1741;2.5282;36.0603;4.4224;0.81341;104.2188;0.003664;72.298;44.3274;2.1947;27.9636;131.4936;0.25282;5.8001;4.4847;4.0854;31.8695;74.0055;322.5403;66.8597;42.9091;0.95447;3.0045;101.8016;1575.3389;0.52762;0.010992;0.21251;0.35541;0.062288;0.21984;0.15022;0.07328;395.5105;5.2285;52.8756;0.73646;0.6412;28.451;42.733;16.6309;0.16122;0.59357;449.8183;481.882;355.2684;12.2891;10.4992;1.5609;1.0296;56.4343;45.2382;51.0615;260.4041;2.5611;4.3602;242.9892;0.17587;1.396;0.10992;33.4047;22.2808;244.2595;46.5035;0.10259;0.010992;1.7367;306.2364;113.148;566.74;6105.4301;5.6059;126.1112;0.058624;151.609;90.4752;0.025648;;18.8659;2.1434;9.4788,,,,,,,,,,,,
2005;1.3264;4.2502;107.1903;0.57525;19.1407;0.12824;0.42869;161.9781;4.3492;2.7187;385.8073;79.3693;34.3097;1.7404;19.192;39.4466;1.352;60.1935;125.3707;0.42136;2.3926;0.58258;0.39571;12.1755;0.25489;16.1912;4.0927;347.0248;0.1319;5.0014;50.5785;1.1248;0.15389;2.7736;3.6933;573.5989;0.43968;0.47266;0.2345;0.39938;61.7677;5892.1334;60.8957;0.13923;0.98195;0.062288;6.8627;7.819;23.4518;25.9851;4.9059;7.962;124.5589;1.4986;52.1657;0.41403;0.11725;18.6241;30.239;167.0711;6.4486;4.7082;0.76578;17.1358;5.1149;0.72181;0.051296;1.0955;57.0315;424.3095;0.55326;0.82074;4.8841;0.29312;5.0636;865.8657;6.9872;0.39938;113.9251;0.60822;0.21618;2.2204;12.5602;1.8247;0.21251;1.4363;2.0738;7.5478;43.8361;60.4877;2.8519;1221.5629;341.712;468.4241;113.4301;48.0277;56.9056;491.5705;10.49;1307.6932;21.0424;186.7283;8.5554;0.062288;71.4883;5.5876;1.4033;7.7909;16.1949;2.0115;0.72547;52.0654;0.22887;14.0891;12.0446;1.8283;11.2705;1.7404;0.8757;174.3441;0.6009;0.89768;2.7045;0.084272;2.2021;1.5865;3.2939;465.9802;0.12091;4.8914;8.5554;2.2089;0.03664;45.734;1.821;11.5892;2.3083;0.062288;3.0814;177.1801;2.8213;37.6424;4.3162;0.71448;105.9812;0.003664;75.5114;43.5539;2.7407;29.8689;136.5243;0.26014;6.8334;4.3821;3.8289;37.1053;74.7712;321.6706;69.142;50.9149;0.91447;3.4442;99.5853;1594.1045;0.52762;0.010992;0.19786;0.3664;0.065952;0.21984;0.16122;0.076944;397.3168;5.8074;50.0507;0.68883;0.54594;30.3343;42.7475;16.9296;0.16122;0.59357;416.5748;462.5434;370.5118;12.0912;10.0592;1.5938;1.0186;53.9542;45.7991;50.5852;259.1767;2.4402;5.4997;247.265;0.17587;1.3374;0.11358;38.1203;22.6435;263.9406;48.2988;0.12091;0.010992;2.1691;313.5161;116.0535;563.6374;6131.8329;5.7708;117.1527;0.058624;164.9606;98.0633;0.029312;;20.0274;2.2863;10.7612,,,,,,,,,,,,
2006;1.6488;3.8948;100.9872;0.54594;22.2478;0.1429;0.44334;175.2931;4.3785;2.715;391.3638;76.6835;39.1352;1.6635;18.8146;43.5063;1.3703;62.7737;123.7712;0.44334;3.8692;0.65219;0.39205;15.0444;0.26564;17.5506;4.133;347.3838;0.1429;4.8585;51.799;1.3593;0.18686;2.9972;3.8582;567.782;0.47266;0.48365;0.24915;0.4067;64.7612;6523.9499;62.8889;0.16122;1.1175;0.065952;7.0935;6.9909;23.6849;27.3847;5.1129;8.1525;125.8893;1.6085;60.0898;0.41037;0.11358;19.7673;28.8357;178.4405;6.8407;4.7522;0.56059;16.4385;5.4997;0.67784;0.058624;1.2164;68.3638;412.4343;0.47266;0.8244;4.1696;0.30778;6.1445;877.3693;9.3505;0.4177;112.4649;0.62654;0.23083;2.1544;12.6371;1.8906;0.21618;1.2897;2.1105;7.0019;42.0224;59.8763;3.0291;1302.6509;344.8374;508.9223;98.6898;47.4853;62.4199;487.1346;11.4866;1287.099;21.1046;208.9474;9.5667;0.069616;73.7087;5.5033;1.5499;8.2929;14.4472;2.0372;0.74746;53.2269;0.23105;14.4026;11.8826;1.6195;10.9297;1.6818;0.91234;167.5657;0.75845;0.94165;2.7079;0.0916;2.1251;1.6085;3.6274;478.8592;0.12091;4.9904;9.3872;2.3816;0.03664;47.3865;1.9786;12.8387;2.3303;0.043968;2.5611;172.5142;2.7187;37.5157;4.4628;0.6925;98.8108;0.003664;76.8377;43.9193;2.2644;39.5712;145.9554;0.26381;7.3646;4.3052;3.9828;34.8483;67.6374;334.6251;64.4289;63.4238;1.0003;3.62;102.3672;1653.5145;0.52762;0.010992;0.20152;0.3664;0.065952;0.21984;0.16488;0.084272;432.385;4.7266;53.9634;0.7328;0.7328;30.7739;42.4865;17.1248;0.16488;0.59357;447.5283;470.2707;361.744;11.9666;11.003;1.7441;1.0149;53.7878;45.3802;53.5384;266.8894;2.6564;6.0236;251.8414;0.17954;1.2201;0.12824;42.6416;22.9733;284.8206;49.4713;0.1429;0.007328;2.5355;332.7495;123.7736;561.8857;6051.4962;6.6428;120.1902;0.047632;169.3757;102.6616;0.029312;;21.2988;2.29;10.4387,,,,,,,,,,,,
2007;2.2717;3.9241;109.3154;0.53861;25.1314;0.15022;0.46899;175.0329;5.06;2.8213;399.2972;74.0283;30.4845;1.6891;26.8241;44.3454;1.363;62.1704;120.3527;0.47632;4.4921;0.72914;0.39205;12.322;0.29905;17.6385;4.2283;362.9155;0.15022;8.4089;55.6138;1.6451;0.18686;3.4625;5.8294;590.2641;0.50563;0.57158;0.25282;0.46166;71.5799;7025.0458;62.3796;0.10259;1.2128;0.065952;8.1158;6.7711;25.0174;26.7728;5.7559;8.4587;127.4029;1.7551;55.2971;0.46166;0.15389;21.1559;31.8621;188.9378;6.9726;4.7925;0.57891;20.0716;6.009;0.68883;0.058624;1.1578;66.742;403.0555;0.56426;0.81707;4.1147;0.35174;6.4157;850.7431;9.8195;0.41403;114.5826;0.63754;0.23816;2.3303;12.6152;1.9676;0.23083;1.5609;2.3889;8.7716;43.6859;58.5111;3.2935;1406.4557;375.2376;518.8993;62.1048;47.5761;63.0208;478.7154;9.6436;1321.7134;22.017;215.6261;9.8232;0.051296;75.1743;6.6245;0.90867;8.6109;13.4505;2.0738;0.66685;49.9183;0.20074;15.7629;11.2909;1.5352;9.4861;1.8137;0.88669;184.6656;0.78043;1.0076;2.7769;0.098928;1.9309;1.843;3.686;480.1269;0.13923;4.6753;12.0546;2.2497;0.040304;50.2261;2.2607;12.8643;2.3596;0.043968;2.6124;172.9405;2.9422;36.6451;4.602;0.72181;94.9782;0.003664;64.175;45.8481;2.323;43.6602;158.7648;0.26014;7.1924;6.1152;4.133;42.9201;72.1112;334.3678;61.9371;63.226;1.1761;3.8582;106.4491;1653.3781;0.55693;0.010992;0.21618;0.38472;0.065952;0.22717;0.17221;0.084272;387.4607;5.1772;52.4135;0.6412;0.6412;19.9102;40.8793;17.2619;0.17954;0.60822;466.1964;495.2702;369.3235;12.344;12.9376;1.7624;1.0626;52.9086;43.3882;66.4137;277.6872;3.2316;5.8917;252.2408;0.1832;1.407;0.11358;45.4373;24.0908;316.057;55.9969;0.16488;0.010992;2.8872;336.5924;135.5167;553.5446;6130.6237;5.998;120.1023;0.098928;160.6554;104.7867;0.029312;;20.9544;1.9273;9.8781,,,,,,,,,,,,
2008;4.2026;4.3712;110.1179;0.53861;25.6883;0.15022;0.47998;188.9525;5.5546;2.6564;404.8897;73.8052;35.4748;1.4949;29.7444;49.4713;1.6195;64.4875;120.4098;0.43602;4.4078;0.64853;0.42136;13.227;0.28765;20.1373;4.5031;387.3141;0.16122;9.1124;53.9461;1.9163;0.19053;3.8948;5.54;572.1557;0.46899;0.58258;0.25282;0.5093;71.7924;7546.891;68.0332;0.10626;1.308;0.069616;8.1231;6.7711;23.7465;30.4185;5.5363;8.6204;122.3159;1.8576;51.8819;0.4983;0.1319;20.6943;33.8407;198.4239;6.5402;4.4994;0.41403;17.8721;6.5732;0.63021;0.058624;0.89402;58.6043;396.3754;0.55693;0.84272;4.1696;0.3664;5.1626;853.5919;9.1307;0.42502;111.1125;0.65952;0.25282;2.2863;11.4207;2.1874;0.22717;1.5572;2.3963;8.6654;43.9424;57.4114;3.6083;1567.0965;416.2194;541.1398;93.0729;47.2516;68.209;466.577;10.2006;1237.2908;21.3318;214.1432;10.2336;0.05496;82.6635;7.6541;0.94531;8.1743;17.2135;2.1251;0.56426;55.9676;0.21949;15.0799;11.1559;1.3374;9.3945;1.887;1.0552;203.865;0.84272;1.0699;2.7844;0.098928;1.8723;1.9346;3.7666;492.8483;0.11725;4.7742;12.0289;2.748;0.047632;52.8569;2.2644;9.7939;3.3232;0.043968;3.4185;175.9549;2.8652;37.6663;4.4188;0.80974;96.0701;0.007328;71.0743;44.8981;2.0518;42.6709;158.9407;0.25282;7.3683;4.7925;4.4481;40.9818;78.7943;327.4505;59.6338;64.7905;1.2418;3.9425;103.1123;1685.2661;0.54227;0.010992;0.21618;0.39571;0.065952;0.22717;0.17954;0.084272;429.8238;5.0893;52.0544;0.6925;0.66318;36.1051;41.3849;18.2054;0.18686;0.6009;496.3657;507.1745;337.3619;12.1975;13.6597;1.9419;1.0955;50.8239;44.7076;67.6264;261.3788;2.9019;6.1372;252.2371;0.20152;1.6818;0.12091;44.3491;24.8053;313.3496;56.7847;0.17954;0.010992;3.1877;325.7265;157.2259;539.8407;5932.9784;8.2587;123.7992;0.095264;178.9681;117.8965;0.021984;;22.3211;2.1691;7.764,,,,,,,,,,,,
2009;6.7637;4.3748;121.3004;0.51662;27.7695;0.14656;0.5093;179.8145;4.3565;2.6271;408.7523;67.6455;31.8768;1.6415;28.1945;53.6923;1.6158;60.0789;107.4047;0.58624;4.6569;0.47632;0.38838;13.9782;0.29433;20.6869;3.7593;366.847;0.16488;7.8556;45.6792;1.9309;0.19053;4.6496;6.7198;539.4975;0.52395;0.55693;0.25282;0.49098;66.7508;7994.4633;72.6022;0.1319;1.7441;0.069616;7.8959;5.6536;21.9656;29.8726;5.6649;8.3724;114.6841;1.7477;49.4075;0.46166;0.1319;20.2106;36.0391;206.5653;6.4376;4.6166;0.51296;14.6089;6.6245;0.57525;0.058624;0.79142;55.8145;378.3323;0.5899;0.84638;4.2466;0.38106;6.2361;788.51;7.7017;0.46166;104.3406;0.57525;0.25282;2.3083;11.842;2.2607;0.2345;1.5645;2.268;7.8666;42.114;51.7782;3.5662;1737.2233;446.0444;553.8246;104.4606;42.0687;64.4168;416.1382;7.7347;1164.6853;21.8741;210.2325;12.3404;0.040304;87.2325;6.7857;1.2568;7.4388;20.8555;2.2167;0.51662;57.9315;0.20535;12.8281;10.6168;2.0702;8.691;1.7697;0.94531;198.7134;0.88302;0.80608;2.6315;0.10259;2.0262;2.1215;3.708;475.5616;0.16122;4.547;13.0915;1.8247;0.047632;52.4392;2.5282;10.2226;3.0668;0.040304;4.3308;170.7009;2.9715;34.7917;4.4921;0.9673;76.6729;0.003664;70.6199;43.2167;2.0885;41.0698;158.7062;0.24549;8.5921;5.0893;4.558;51.6624;77.5046;314.1467;56.8005;69.1653;1.2958;4.1;86.1136;1576.9615;0.57525;0.010992;0.2235;0.38472;0.065952;0.31144;0.18686;0.0916;468.5816;4.58;46.1444;0.52395;0.65219;55.887;37.5903;16.3202;0.19419;0.59723;502.7008;508.446;298.0807;13.1648;14.2542;2.0005;1.0442;47.2439;43.5379;62.2807;248.3129;2.4512;5.9137;267.3841;0.22717;2.781;0.1319;44.8584;24.7686;320.4636;50.2994;0.17954;0.010992;3.3782;277.1466;167.8222;488.856;5495.6879;8.0535;107.0438;0.12091;179.6423;128.5295;0.029312;;24.5415;2.5062;5.5986,,,,,,,,,,,,
2010;8.4565;4.5947;119.08;0.51662;29.0335;0.15022;0.52395;187.7653;4.2136;2.5062;406.8107;72.5474;30.653;1.6525;29.2424;59.8881;1.4766;62.3006;113.3508;0.53861;5.0856;0.60822;0.48731;15.1909;0.20274;21.2585;4.6826;419.4108;0.17221;8.1964;47.758;1.9602;0.21251;5.0087;6.7747;553.7206;0.55693;0.55693;0.26381;0.51662;72.1918;8768.8607;76.1123;0.16122;1.9786;0.069616;7.5625;6.9616;21.2037;38.3438;3.9021;8.0049;116.1593;2.0189;49.8493;0.51662;0.13923;21.0057;36.4312;202.5496;6.4523;4.6753;0.51296;19.0151;6.5805;0.63021;0.05496;1.2201;64.0075;388.0592;0.63754;0.85738;4.8072;0.43235;6.3094;832.4366;9.9478;0.46533;97.343;0.66318;0.26014;2.2973;11.6552;2.6014;0.23816;1.7184;2.1251;7.9692;40.6448;52.217;3.4294;1718.2841;428.4095;572.5623;112.1037;41.6301;68.8246;425.3039;7.2914;1215.0108;21.1633;236.8887;12.1645;0.062288;89.5518;6.379;1.6378;8.5297;20.0311;2.2753;0.79142;61.9106;0.19081;13.7127;11.185;1.407;8.5957;1.9566;1.1432;218.2975;0.93432;0.96363;2.6385;0.10259;2.0079;2.235;3.9132;463.9284;0.11358;4.9281;13.8096;2.5795;0.065952;55.9126;2.7333;12.5052;3.0997;0.043968;5.0527;182.5456;3.5394;35.0177;4.5324;1.1725;91.4424;0.003664;66.399;45.8385;2.0335;47.3792;161.2636;0.25282;9.1563;4.7595;5.093;57.5468;84.7996;332.1324;52.6157;72.4483;1.3273;4.166;82.2655;1663.318;0.5899;0.010992;0.21984;0.40304;0.069616;0.21984;0.18686;0.098928;518.0676;7.7384;45.9172;0.44334;0.72547;55.5975;38.5361;16.3608;0.19786;0.61189;473.7112;566.2529;284.3665;13.2527;14.6001;2.3999;1.0369;53.0242;45.053;61.5552;269.7767;2.5428;7.1008;281.6956;0.2345;2.6381;0.11725;47.8958;27.6376;322.0568;57.2427;0.19053;0.007328;3.9168;293.4791;160.6811;507.47;5699.9297;6.3827;104.0832;0.12091;188.9158;142.6212;0.029312;;23.413;2.6894;7.7713,,,,,,,,,,,,
2011;12.2304;5.2359;121.0879;0.49098;30.3159;0.1429;0.51296;191.477;4.9134;2.4988;404.2734;70.2868;33.4193;1.865;28.6268;63.3616;1.5279;61.8065;103.9297;0.6009;5.2908;0.44334;0.7328;16.1326;0.25864;23.8673;4.1733;439.0535;0.17587;9.6876;53.0872;2.2094;0.24182;5.2029;5.7635;560.0031;0.61555;0.58624;0.27846;0.53861;79.179;9725.575;76.4677;0.13557;2.257;0.069616;7.7347;7.2437;20.7594;35.9585;4.978;7.6967;114.0376;2.4915;44.895;0.47266;0.12824;21.2109;38.5783;216.9857;6.6428;6.1225;0.59357;19.097;7.72;0.56792;0.05496;1.0882;56.541;362.3127;0.6412;0.83173;4.9684;0.44701;7.9655;812.5771;9.8232;0.45067;94.5317;0.70715;0.25282;2.4292;11.8274;2.7773;0.24549;1.7807;2.2167;8.9475;43.7592;50.4362;3.3296;1840.2696;603.1713;588.574;134.2746;37.965;69.0737;412.9057;7.852;1263.8162;21.6506;226.5828;13.4469;0.062288;90.9551;7.6504;1.6232;7.7993;20.4268;2.3303;0.89035;39.6701;0.17683;14.0668;11.0884;1.4473;9.3908;2.3376;1.1798;220.2247;0.98562;1.0442;2.7258;0.10259;2.2167;2.3926;3.9168;484.0327;0.12091;5.0343;21.482;2.5685;0.040304;57.6384;3.2207;14.2859;2.8286;0.040304;5.529;169.7147;3.6457;34.3322;4.8768;1.3264;95.6157;0.007328;47.9947;44.9266;2.246;53.9854;161.8242;0.25282;10.0907;5.3238;5.3165;49.5922;85.4262;331.7038;51.471;80.3698;1.3038;4.2686;88.4557;1717.9993;0.66318;0.010992;0.23083;0.4067;0.069616;0.19786;0.20152;0.10259;499.4692;8.3612;49.1782;0.34075;0.89768;45.1844;37.8112;16.3471;0.19786;0.60456;470.1975;588.9184;284.558;15.125;14.3415;1.9676;1.0479;49.0971;40.9927;56.8616;268.9596;2.3486;8.0864;278.0903;0.24549;2.4622;0.10259;46.8955;25.9997;348.0038;62.4162;0.19053;0.007328;4.2612;306.9662;165.305;464.7586;5569.516;7.7567;113.5913;0.1319;176.6781;152.045;0.025648;;19.65;2.9349;9.5557,,,,,,,,,,,,
2012;10.7465;4.9061;129.8815;0.48731;33.3717;0.1429;0.52395;192.1988;5.6902;1.3484;407.14;67.7211;35.5261;1.9676;26.6519;67.4506;1.4693;61.5337;101.1699;0.47632;5.4667;0.47632;0.81707;18.778;0.31144;22.2405;4.2283;469.6442;0.17587;9.6583;48.2172;2.6271;0.28213;5.452;6.1225;565.4582;0.50563;0.53494;0.29312;0.61189;80.9084;10020.3695;79.8862;0.1429;2.9678;0.069616;7.7604;9.2882;19.1724;36.127;5.9943;7.1641;110.6212;2.3999;40.227;0.51662;0.13557;22.1049;38.1093;216.8905;6.6575;5.1113;0.65952;17.9379;8.5554;0.5899;0.05496;1.0589;51.1089;362.3676;0.5899;0.81341;5.1003;0.45434;8.4345;817.1451;11.8677;0.46166;91.4178;0.56792;0.27114;2.5428;11.963;2.5795;0.25282;1.9932;2.312;8.9768;43.3891;46.884;3.3229;2016.8525;636.5577;611.2578;152.5983;38.1441;75.4674;390.325;7.4562;1298.1576;24.4242;233.0639;12.5052;0.062288;102.2512;10.1236;1.6964;7.5191;22.6142;2.4036;1.0259;52.6407;0.18542;14.133;10.8163;1.3117;8.9585;2.704;1.0955;218.5283;1.1102;0.99294;2.8194;0.10259;2.2131;2.6527;3.9644;495.9187;0.13557;4.9208;26.2049;2.334;0.043968;62.68;3.1181;11.0616;3.3819;0.040304;5.8514;165.5399;3.6274;35.6547;4.6166;1.865;98.4224;0.007328;49.017;44.5585;2.1984;59.1113;163.3631;0.25282;10.1053;5.0746;5.2798;55.026;91.131;324.2255;49.6584;94.0476;1.33;4.2466;85.8886;1728.3187;0.73646;0.010992;0.21984;0.4067;0.069616;0.25282;0.19786;0.11358;564.3806;7.9069;44.0266;0.43968;1.0296;36.3432;36.0011;15.8087;0.19786;0.60822;468.3874;583.4883;280.5025;16.019;14.6304;2.257;1.2055;46.5227;42.2594;44.6935;257.92;2.9312;9.5374;296.3553;0.29312;2.4842;0.10626;45.3823;26.9817;355.492;64.8198;0.19786;0.010992;4.067;303.6303;176.2421;484.2264;5362.0949;8.6873;115.7201;0.11358;198.6035;142.1046;0.025648;;18.6534;3.664;7.786,,,,,,,,,,,,
2013;10.0064;5.06;134.3552;0.47632;32.5913;0.13557;0.52395;189.6963;5.4923;0.86104;398.2926;67.9561;35.6141;2.7993;31.2869;69.6526;1.4473;62.0996;101.7481;0.51296;5.8074;0.458;0.91966;18.9026;0.32243;21.9034;5.2249;503.2651;0.17587;7.797;42.5952;3.0558;0.28946;5.5986;6.7674;574.4716;0.4983;0.53494;0.29678;0.69982;83.1581;10249.615;89.5518;0.17587;3.0851;0.069616;7.5918;10.6769;18.5254;34.7714;5.2102;6.4872;107.1029;3.5871;42.1938;0.60822;0.1319;21.4234;40.9635;213.2375;6.2251;5.1589;0.66685;19.6956;10.6256;0.67784;0.05496;1.1505;51.9125;361.8996;0.63021;0.82074;5.2762;0.43235;7.852;835.4591;14.6084;0.49098;81.7226;0.55326;0.30411;2.5538;13.6228;2.2973;0.25648;1.9346;2.4036;9.0574;44.9683;43.8677;3.3345;2033.0876;489.8255;619.271;165.371;37.1228;67.0146;362.9362;8.0864;1313.686;24.3693;237.2319;13.3223;0.062288;98.2648;9.8342;1.5755;7.3504;22.5629;2.4329;0.9563;56.2204;0.19263;13.107;10.2667;1.1798;7.841;3.1144;1.2238;236.317;1.0919;1.0259;2.482;0.10259;2.2094;2.6674;4.067;489.9391;0.1429;4.994;38.7212;2.246;0.051296;59.0344;4.0157;12.8496;2.6271;0.043968;6.6318;165.5745;4.2392;35.0869;4.547;1.9383;98.056;0.007328;35.9805;44.3027;2.4366;61.328;164.1912;0.25648;10.7099;6.1812;5.43;57.1071;98.0486;319.9217;47.8665;84.9535;1.4473;4.0964;76.9541;1667.499;0.80242;0.010992;0.2235;0.4067;0.07328;0.20885;0.19786;0.11358;540.6049;8.4162;44.8474;0.40304;1.1908;55.6305;35.5434;15.1677;0.20152;0.60822;465.9948;592.0145;252.9;15.4767;15.4621;1.9163;1.0882;44.8794;43.202;36.4092;260.2246;3.4771;11.1679;299.8434;0.43968;2.6564;0.11358;46.5035;27.6449;347.7465;66.6811;0.19786;0.010992;4.8658;295.8803;170.5665;473.6996;5514.0177;7.5808;103.2698;0.10626;183.7716;147.1096;0.021984;;25.4758;3.9535;11.6662,,,,,,,,,,,,
2014;9.8012;5.7122;145.2813;0.46166;34.7347;0.1429;0.53128;203.8576;5.5253;0.87203;393.5721;64.2044;37.4571;2.4146;31.3125;73.1298;1.2714;61.3165;96.5396;0.49464;6.3131;0.57525;1.0003;20.3938;0.32243;22.2148;7.0276;529.3747;0.17954;9.1014;45.1881;2.8469;0.43968;6.6795;6.9982;572.7284;0.49098;0.54227;0.30045;0.72914;82.495;10283.507;84.0228;0.15389;3.0924;0.069616;7.753;11.036;17.7771;34.808;5.8771;6.8784;102.7992;4.6679;37.9702;0.72181;0.13557;21.5223;43.8837;201.7288;6.2801;5.3421;0.69616;18.9102;11.5892;0.59723;0.05496;1.1688;47.757;331.7293;0.7328;0.80242;5.1882;0.51296;8.9805;794.829;14.4545;0.52762;78.658;0.50563;0.24182;2.5648;18.3127;2.4476;0.27114;2.0079;2.8579;9.4641;46.1847;44.0344;3.289;2236.5459;463.7964;648.9494;168.3058;36.6331;64.5487;347.0707;7.4159;1266.6014;26.4284;245.0736;14.2749;0.062288;95.33;9.5997;1.9529;7.151;24.0505;2.4659;0.93432;56.9496;0.16133;12.8744;9.7972;1.2824;7.5039;3.0741;1.2751;242.6228;1.3337;1.4106;2.4813;0.10259;2.2973;2.7077;4.2246;479.8777;0.15022;4.9281;20.8225;2.2094;0.047632;59.8148;8.4199;21.6139;3.7519;0.047632;8.0242;158.043;4.2869;35.585;4.8585;2.1251;96.202;0.010992;40.4945;43.9659;2.8359;61.1192;166.1624;0.26014;8.7936;6.3131;5.6975;61.6944;105.5672;307.602;47.7406;107.7656;1.4949;4.1696;77.1956;1669.6026;0.83906;0.010992;0.23083;0.4067;0.076944;0.20885;0.19786;0.11358;600.5552;8.8486;37.6366;0.49464;1.308;56.3267;33.4425;13.5127;0.20152;0.60822;489.3712;586.676;254.6373;18.3786;15.3522;1.9896;1.2018;43.2547;39.2691;30.6787;263.8556;5.1846;11.5526;315.954;0.46899;2.6198;0.12091;46.236;28.8064;359.2202;68.3666;0.20518;0.010992;5.2249;256.1783;211.1966;433.3705;5565.495;6.7418;105.1275;0.15389;185.0686;166.7743;0.021984;;22.6802;4.4994;12.0106,,,,,,,,,,,,
2015;10.4337;5.8759;154.3133;0.47698;34.9738;0.14914;0.55451;208.0102;5.602;0.91016;402.1596;66.7242;40.46;2.5162;34.1153;79.569;1.3184;57.024;100.2485;0.51609;6.3452;0.6004;1.0474;20.8294;0.33653;23.2295;6.8949;522.5004;0.18739;9.7236;48.2941;2.8644;0.44166;7.0951;7.2748;568.0942;0.49422;0.56598;0.30243;0.7333;82.7889;10150.4654;85.9992;0.1549;3.1945;0.07462;8.0499;11.8018;17.9187;36.1862;6.134;6.8596;103.7697;4.6983;35.6704;0.72541;0.1415;22.154;42.6385;207.1807;6.5329;5.9513;0.69976;15.8854;11.6086;0.61704;0.056913;1.246;44.3817;336.6566;0.76292;0.8601;5.3275;0.51333;9.1733;792.0545;14.776;0.54512;74.9629;0.52774;0.2524;2.6486;18.9551;2.4584;0.27293;2.0957;2.9763;9.8191;42.9307;46.7775;3.3607;2320.4058;468.752;642.106;166.8237;38.3928;67.2714;357.1988;7.707;1225.2395;25.595;230.3757;14.2895;0.066766;104.2869;9.9585;1.9987;7.2394;23.4085;2.3999;0.93952;59.3116;0.15955;13.1418;9.306;1.3787;7.8093;3.0428;1.2727;249.1914;1.4296;1.42;1.7569;0.10997;2.3946;2.723;4.1758;477.022;0.16102;5.033;22.0331;2.3068;0.049715;59.8789;8.6772;23.1069;3.7748;0.051056;8.4609;165.1272;4.5628;35.9114;5.0557;2.1261;102.7353;0.011782;42.6072;44.664;2.7732;65.4029;174.6874;0.27884;9.0772;6.7564;5.9248;64.038;115.3259;310.6386;52.0175;128.4477;1.5048;4.1137;78.0135;1670.6504;0.84413;0.011065;0.24092;0.42449;0.080308;0.21798;0.21208;0.11433;623.8171;8.8652;39.1851;0.4979;1.3156;60.6818;33.8168;13.598;0.21601;0.61224;461.5237;591.9866;271.7256;19.5712;15.442;2.0732;1.1875;43.3463;38.7514;31.1739;261.7758;5.3492;11.9106;322.8742;0.50271;2.6451;0.1296;45.7609;31.1933;383.4267;75.9048;0.21416;0.011782;5.2348;223.0805;229.1099;415.7215;5411.4091;7.0101;107.3176;0.16495;180.4969;185.5063;0.023564;;22.3302;4.4995;11.7337,,,,,,,,,,,,
2016;11.7063;6.0187;153.79;0.49376;35.7242;0.15141;0.56292;208.9036;5.7542;0.92397;397.9884;67.7742;40.205;2.5545;34.9287;82.402;1.3372;60.3198;101.2453;0.52392;6.5448;0.60951;1.1262;21.1028;0.34164;23.4114;6.6452;487.3581;0.19023;10.029;45.2564;2.9703;0.4558;7.5682;7.4153;562.9834;0.51387;0.57457;0.31446;0.75853;87.1879;10150.8163;84.6272;0.16106;3.2687;0.078238;8.1703;11.8538;18.3748;36.7195;6.2271;7.0695;105.1083;4.8783;37.4637;0.74727;0.14364;22.5671;40.3789;216.1779;6.6245;5.8193;0.72162;16.0429;11.8491;0.63876;0.058233;1.3018;45.4048;343.4522;0.77383;0.9018;5.4061;0.5334;9.3919;801.5081;15.1805;0.5643;71.0769;0.53575;0.25623;2.7086;19.2955;2.5462;0.28378;2.1275;3.0192;9.9774;43.4548;48.0359;3.4154;2430.8016;500.8132;655.8941;168.4947;40.2703;66.4585;359.2369;7.8291;1209.1599;25.8501;231.5645;14.5798;0.070003;104.6077;10.114;2.0921;7.4491;23.6289;2.2456;0.97106;60.2132;0.16474;13.1474;9.5951;1.4433;7.9165;3.0221;1.2873;264.8374;1.4989;1.4764;1.8187;0.1153;2.4298;2.816;4.1084;464.9186;0.16883;5.1603;26.1421;2.3375;0.050469;59.6694;8.7534;24.3515;3.9011;0.053531;9.1212;168.4253;5.058;35.7898;5.1271;2.162;102.3842;0.012353;50.5725;44.9882;2.8033;66.7684;188.9061;0.29236;9.2523;7.0742;6.0072;67.7654;128.3662;319.003;50.6071;122.9096;1.5646;4.0414;78.164;1634.706;0.87494;0.011505;0.24458;0.43093;0.081527;0.22129;0.22236;0.11888;634.3704;8.9976;39.6174;0.51771;1.3612;62.643;34.0962;13.8846;0.22648;0.63659;467.6985;595.3949;261.0669;21.1617;15.9873;2.1035;1.1702;45.3681;37.7138;31.629;266.2948;5.4595;12.0725;327.3297;0.52708;2.7099;0.13589;41.0347;31.0724;403.8925;76.2874;0.2174;0.012353;5.339;241.4305;239.0972;389.3988;5311.6927;7.1104;108.8673;0.17295;176.8195;186.6023;0.024707;;22.5881;4.5699;11.1419,,,,,,,,,,,,
Sources,,,,,,,,,,,,
"Territorial;""<p><b>CDIAC:</b> Boden", TA, Marland, G and Andres, RJ 2017. Global, Regional, and National Fossil-Fuel CO2 Emissions, Carbon Dioxide Information Analysis Center, Oak Ridge National Laboratory, U.S. Department of Energy, Oak Ridge, Tenn.," USA. DOI: 10.3334/CDIAC/00001_V2017. Available at: <a href=""""http://cdiac.ess-dive.lbl.gov/trends/emis/meth_reg.html"""" target=""""_blank"""">http://cdiac.ess-dive.lbl.gov/trends/emis/meth_reg.html</a>"
<br /><br />,,,,,,,,,,,,
<b>UNFCCC," 2017. </b> National Inventory Submissions 2017. United Nations Framework Convention on Climate Change. Available at: </b><a href=""""http://unfccc.int/national_reports/annex_i_ghg_inventories/national_inventories_submissions/items/9492.php""""_blank"""">http://unfccc.int/national_reports/annex_i_ghg_inventories/national_inventories_submissions/items/9492.php</a>", accessed June 2017.,,,,,,,,,,
<br /><br />,,,,,,,,,,,,
<b>BP," 2017.</b> Statistical Review of World Energy. Available at: </b><a href=""""http://www.bp.com/en/global/corporate/energy-economics.html""""_blank"""">http://www.bp.com/en/global/corporate/energy-economics.html</a>",,,,,,,,,,,
<br /><br />,,,,,,,,,,,,
"The use of data is conditional on citing the original data sources. Data for years 2015 and 2016 are preliminary.""",,,,,,,,,,,,